symbol,date,open,high,low,close,adjClose,volume,unadjustedVolume,change,changePercent,vwap,label,changeOverTime
1101.TW,2024-01-12,33.7,33.8,33.6,33.75,33.75,5221622,5221622,0.05,0.14837,33.72,"January 12, 24",0.0014837
1101.TW,2024-01-11,33.7,33.8,33.6,33.7,33.7,6590499,6590499,0,0,33.7,"January 11, 24",0
1101.TW,2024-01-10,34.05,34.05,33.7,33.7,33.7,10231832,10231832,-0.35,-1.03,33.82,"January 10, 24",-0.0103
1101.TW,2024-01-09,34.3,34.3,34.05,34.05,34.05,6191243,6191243,-0.25,-0.72886,34.13,"January 09, 24",-0.0072886
1101.TW,2024-01-08,34.4,34.55,34.25,34.25,34.25,5522713,5522713,-0.15,-0.43605,34.35,"January 08, 24",-0.0043605
1101.TW,2024-01-05,34.2,34.35,34.2,34.35,34.35,4632974,4632974,0.15,0.4386,34.3,"January 05, 24",0.004386
1101.TW,2024-01-04,34.2,34.3,34.15,34.2,34.2,6398576,6398576,0,0,34.22,"January 04, 24",0
1101.TW,2024-01-03,34.5,34.75,34.15,34.2,34.2,12618451,12618451,-0.3,-0.86957,34.37,"January 03, 24",-0.0086957
1101.TW,2024-01-02,34.85,34.85,34.6,34.7,34.7,9061300,9061300,-0.15,-0.43042,34.72,"January 02, 24",-0.0043042
1101.TW,2023-12-29,34.9,34.9,34.7,34.85,34.85,6434406,6434406,-0.05,-0.14327,34.82,"December 29, 23",-0.0014327
1101.TW,2023-12-28,34.95,35,34.7,34.9,34.9,9397397,9397397,-0.05,-0.14306,34.87,"December 28, 23",-0.0014306
1101.TW,2023-12-27,34.65,34.9,34.65,34.9,34.9,11423455,11423455,0.25,0.7215,34.82,"December 27, 23",0.007215
1101.TW,2023-12-26,34.6,34.7,34.5,34.65,34.65,5467401,5467401,0.05,0.14451,34.62,"December 26, 23",0.0014451
1101.TW,2023-12-25,34.4,34.65,34.35,34.5,34.5,7304056,7304056,0.1,0.2907,34.5,"December 25, 23",0.002907
1101.TW,2023-12-22,34.2,34.35,34.15,34.3,34.3,5495257,5495257,0.1,0.2924,34.27,"December 22, 23",0.002924
1101.TW,2023-12-21,34.25,34.35,34.15,34.25,34.25,7131400,7131400,0,0,34.25,"December 21, 23",0
1101.TW,2023-12-20,34.45,34.6,34.25,34.5,34.5,8983096,8983096,0.05,0.14514,34.45,"December 20, 23",0.0014514
1101.TW,2023-12-19,34.7,34.7,34.2,34.35,34.35,8776646,8776646,-0.35,-1.01,34.42,"December 19, 23",-0.0101
1101.TW,2023-12-18,34.45,34.7,34.35,34.55,34.55,7343604,7343604,0.1,0.29028,34.53,"December 18, 23",0.0029028
1101.TW,2023-12-15,34.5,34.55,34.3,34.3,34.3,22077978,22077978,-0.2,-0.57971,34.38,"December 15, 23",-0.0057971
1101.TW,2023-12-14,34.5,34.55,34.1,34.4,34.4,10784685,10784685,-0.1,-0.28986,34.35,"December 14, 23",-0.0028986
1101.TW,2023-12-13,34.15,34.2,34.05,34.05,34.05,8812839,8812839,-0.1,-0.29283,34.1,"December 13, 23",-0.0029283
1101.TW,2023-12-12,34.4,34.4,34.1,34.15,34.15,8902876,8902876,-0.25,-0.72674,34.22,"December 12, 23",-0.0072674
1101.TW,2023-12-11,34.6,34.65,34.2,34.4,34.4,7542239,7542239,-0.2,-0.57803,34.42,"December 11, 23",-0.0057803
1101.TW,2023-12-08,34.7,34.85,34.6,34.6,34.6,12321862,12321862,-0.1,-0.28818,34.68,"December 08, 23",-0.0028818
1101.TW,2023-12-07,34.6,34.75,34.4,34.5,34.5,7285840,7285840,-0.1,-0.28902,34.55,"December 07, 23",-0.0028902
1101.TW,2023-12-06,34.95,35.05,34.6,34.6,34.6,11672242,11672242,-0.35,-1,34.75,"December 06, 23",-0.01
1101.TW,2023-12-05,34,34.9,34,34.9,34.9,24204590,24204590,0.9,2.65,34.6,"December 05, 23",0.0265
1101.TW,2023-12-04,34.5,34.55,34.05,34.05,34.05,23713712,23713712,-0.45,-1.3,34.22,"December 04, 23",-0.013
1101.TW,2023-12-01,34.6,34.75,34.3,34.4,34.4,35044896,35044896,-0.2,-0.57803,34.48,"December 01, 23",-0.0057803
1101.TW,2023-11-30,34.3,35.3,34.3,34.95,34.95,106208572,106208572,0.65,1.9,34.85,"November 30, 23",0.019
1101.TW,2023-11-29,34.6,34.8,34.1,34.25,34.25,27248885,27248885,-0.35,-1.01,34.38,"November 29, 23",-0.0101
1101.TW,2023-11-28,35,35.5,34.5,34.5,34.5,65368681,65368681,-0.5,-1.43,34.83,"November 28, 23",-0.0143
1101.TW,2023-11-27,33.9,34.35,33.8,33.95,33.95,22048403,22048403,0.05,0.14749,34.03,"November 27, 23",0.0014749
1101.TW,2023-11-24,33.95,34.1,33.75,33.75,33.75,20288459,20288459,-0.2,-0.5891,33.87,"November 24, 23",-0.005891
1101.TW,2023-11-23,33.85,34.05,33.65,34,34,16829931,16829931,0.15,0.44313,33.9,"November 23, 23",0.0044313
1101.TW,2023-11-22,34.05,34.15,33.85,33.85,33.85,15519865,15519865,-0.2,-0.58737,33.95,"November 22, 23",-0.0058737
1101.TW,2023-11-21,33.7,34.2,33.7,34.2,34.2,33354810,33354810,0.5,1.48,34.03,"November 21, 23",0.0148
1101.TW,2023-11-20,33.2,33.75,33.1,33.6,33.6,12336692,12336692,0.4,1.2,33.48,"November 20, 23",0.012
1101.TW,2023-11-17,33.05,33.35,33,33.2,33.2,10487720,10487720,0.15,0.45386,33.18,"November 17, 23",0.0045386
1101.TW,2023-11-16,33.35,33.35,33,33.05,33.05,21299111,21299111,-0.3,-0.89955,33.13,"November 16, 23",-0.0089955
1101.TW,2023-11-15,33,33.15,32.8,33.15,33.15,34592264,34592264,0.15,0.45455,33.03,"November 15, 23",0.0045455
1101.TW,2023-11-14,32.9,32.9,32.5,32.5,32.5,15965661,15965661,-0.4,-1.22,32.63,"November 14, 23",-0.0122
1101.TW,2023-11-13,33,33,32.6,32.8,32.8,13195125,13195125,-0.2,-0.60606,32.8,"November 13, 23",-0.0060606
1101.TW,2023-11-10,32.9,33,32.8,32.85,32.85,10614967,10614967,-0.05,-0.15198,32.88,"November 10, 23",-0.0015198
1101.TW,2023-11-09,33,33.1,32.75,32.9,32.9,16293531,16293531,-0.1,-0.30303,32.92,"November 09, 23",-0.0030303
1101.TW,2023-11-08,32.8,33.05,32.65,32.9,32.9,12424527,12424527,0.1,0.30488,32.87,"November 08, 23",0.0030488
1101.TW,2023-11-07,32.8,32.8,32.4,32.55,32.55,11873715,11873715,-0.25,-0.7622,32.58,"November 07, 23",-0.007622
1101.TW,2023-11-06,33,33.1,32.75,32.8,32.8,15165942,15165942,-0.2,-0.60606,32.88,"November 06, 23",-0.0060606
1101.TW,2023-11-03,32.55,32.95,32.5,32.9,32.9,20980277,20980277,0.35,1.08,32.78,"November 03, 23",0.0108
1101.TW,2023-11-02,32.3,32.5,32.25,32.35,32.35,14524194,14524194,0.05,0.1548,32.37,"November 02, 23",0.001548
1101.TW,2023-11-01,32.35,32.5,32,32.1,32.1,13586208,13586208,-0.25,-0.7728,32.2,"November 01, 23",-0.007728
1101.TW,2023-10-31,32.05,32.35,32.05,32.25,32.25,23637413,23637413,0.2,0.62402,32.22,"October 31, 23",0.0062402
1101.TW,2023-10-30,31.8,32.1,31.75,32,32,15829556,15829556,0.2,0.62893,31.95,"October 30, 23",0.0062893
1101.TW,2023-10-27,31.55,32,31.55,31.85,31.85,12726662,12726662,0.3,0.95087,31.8,"October 27, 23",0.0095087
1101.TW,2023-10-26,31.55,31.6,31.4,31.45,31.45,15778530,15778530,-0.1,-0.31696,31.48,"October 26, 23",-0.0031696
1101.TW,2023-10-25,31.65,31.85,31.5,31.55,31.55,19417650,19417650,-0.1,-0.31596,31.63,"October 25, 23",-0.0031596
1101.TW,2023-10-24,31.75,31.75,31.35,31.5,31.5,22314338,22314338,-0.25,-0.7874,31.53,"October 24, 23",-0.007874
1101.TW,2023-10-23,31.7,31.9,31.55,31.65,31.65,13952533,13952533,-0.05,-0.15773,31.7,"October 23, 23",-0.0015773
1101.TW,2023-10-20,31.7,31.9,31.4,31.75,31.75,33260612,33260612,0.05,0.15773,31.68,"October 20, 23",0.0015773
1101.TW,2023-10-19,32.2,32.25,31.7,31.9,31.9,58572705,58572705,-0.3,-0.93168,31.95,"October 19, 23",-0.0093168
1101.TW,2023-10-18,32.65,32.75,32.3,32.45,32.45,82929349,82929349,-0.2,-0.61256,32.5,"October 18, 23",-0.0061256
1101.TW,2023-10-17,33.8,33.8,33.3,33.45,33.45,17969504,17969504,-0.35,-1.04,33.52,"October 17, 23",-0.0104
1101.TW,2023-10-16,33.8,33.9,33.6,33.6,33.6,13396338,13396338,-0.2,-0.59172,33.7,"October 16, 23",-0.0059172
1101.TW,2023-10-13,33.9,34.15,33.7,33.8,33.8,18902875,18902875,-0.1,-0.29499,33.88,"October 13, 23",-0.0029499
1101.TW,2023-10-12,33.2,33.8,33.15,33.7,33.7,20215685,20215685,0.5,1.51,33.55,"October 12, 23",0.0151
1101.TW,2023-10-11,33.15,33.2,32.85,33.1,33.1,16116392,16116392,-0.05,-0.15083,33.05,"October 11, 23",-0.0015083
1101.TW,2023-10-06,32.75,33.1,32.7,32.8,32.8,15457787,15457787,0.05,0.15267,32.87,"October 06, 23",0.0015267
1101.TW,2023-10-05,32.75,32.95,32.6,32.75,32.75,17179768,17179768,0,0,32.77,"October 05, 23",0
1101.TW,2023-10-04,33,33.15,32.85,32.9,32.9,20311826,20311826,-0.1,-0.30303,32.97,"October 04, 23",-0.0030303
1101.TW,2023-10-03,33.2,33.3,33.05,33.2,33.2,10139463,10139463,0,0,33.18,"October 03, 23",0
1101.TW,2023-10-02,33.3,33.3,33.05,33.1,33.1,13813944,13813944,-0.2,-0.6006,33.15,"October 02, 23",-0.006006
1101.TW,2023-09-28,33.1,33.3,33.05,33.25,33.25,18217658,18217658,0.15,0.45317,33.2,"September 28, 23",0.0045317
1101.TW,2023-09-27,33,33.2,32.9,33.05,33.05,15043077,15043077,0.05,0.15152,33.05,"September 27, 23",0.0015152
1101.TW,2023-09-26,33.1,33.3,33,33,33,18175159,18175159,-0.1,-0.30211,33.1,"September 26, 23",-0.0030211
1101.TW,2023-09-25,33.4,33.45,33,33.1,33.1,29278663,29278663,-0.3,-0.8982,33.18,"September 25, 23",-0.008982
1101.TW,2023-09-22,33.5,33.6,33.35,33.5,33.5,23115549,23115549,0,0,33.48,"September 22, 23",0
1101.TW,2023-09-21,34.25,34.25,33.8,33.8,33.8,28985239,28985239,-0.45,-1.31,33.95,"September 21, 23",-0.0131
1101.TW,2023-09-20,34.8,34.85,34.35,34.35,34.35,20840931,20840931,-0.45,-1.29,34.52,"September 20, 23",-0.0129
1101.TW,2023-09-19,35.1,35.15,34.8,34.8,34.8,11049333,11049333,-0.3,-0.8547,34.92,"September 19, 23",-0.008547
1101.TW,2023-09-18,35.1,35.2,35,35.1,35.1,9091177,9091177,0,0,35.1,"September 18, 23",0
1101.TW,2023-09-15,35.3,35.35,35.05,35.1,35.1,13648505,13648505,-0.2,-0.56657,35.17,"September 15, 23",-0.0056657
1101.TW,2023-09-14,35.4,35.5,35.3,35.5,35.5,12171571,12171571,0.1,0.28249,35.43,"September 14, 23",0.0028249
1101.TW,2023-09-13,34.85,35.3,34.85,35.3,35.3,21998257,21998257,0.45,1.29,35.15,"September 13, 23",0.0129
1101.TW,2023-09-12,34.3,34.65,34.3,34.6,34.6,11557026,11557026,0.3,0.87464,34.52,"September 12, 23",0.0087464
1101.TW,2023-09-11,34.1,34.2,34.05,34.2,34.2,9588295,9588295,0.1,0.29326,34.15,"September 11, 23",0.0029326
1101.TW,2023-09-08,34.3,34.35,34.05,34.1,34.1,15373460,15373460,-0.2,-0.58309,34.17,"September 08, 23",-0.0058309
1101.TW,2023-09-07,34.4,34.55,34.2,34.35,34.35,15756901,15756901,-0.05,-0.14535,34.37,"September 07, 23",-0.0014535
1101.TW,2023-09-06,34.9,34.95,34.35,34.4,34.4,33267817,33267817,-0.5,-1.43,34.57,"September 06, 23",-0.0143
1101.TW,2023-09-05,35.15,35.25,35,35,35,15081012,15081012,-0.15,-0.42674,35.08,"September 05, 23",-0.0042674
1101.TW,2023-09-04,35.15,35.25,34.9,35.2,35.2,14505906,14505906,0.05,0.14225,35.12,"September 04, 23",0.0014225
1101.TW,2023-09-01,35.1,35.45,35,35.25,35.25,13674937,13674937,0.15,0.42735,35.23,"September 01, 23",0.0042735
1101.TW,2023-08-31,35.35,35.35,34.95,34.95,34.95,32950105,32950105,-0.4,-1.13,35.08,"August 31, 23",-0.0113
1101.TW,2023-08-30,35.3,35.6,35.2,35.3,35.3,10675191,10675191,0,0,35.37,"August 30, 23",0
1101.TW,2023-08-29,35.2,35.45,35.2,35.4,35.4,7335442,7335442,0.2,0.56818,35.35,"August 29, 23",0.0056818
1101.TW,2023-08-28,35.15,35.3,35.1,35.2,35.2,8257478,8257478,0.05,0.14225,35.2,"August 28, 23",0.0014225
1101.TW,2023-08-25,35.2,35.35,35.1,35.1,35.1,9722708,9722708,-0.1,-0.28409,35.18,"August 25, 23",-0.0028409
1101.TW,2023-08-24,35.2,35.45,35.2,35.3,35.3,8834410,8834410,0.1,0.28409,35.32,"August 24, 23",0.0028409
1101.TW,2023-08-23,35.5,35.55,35.3,35.3,35.3,7835220,7835220,-0.2,-0.56338,35.38,"August 23, 23",-0.0056338
1101.TW,2023-08-22,35.55,35.55,35.3,35.4,35.4,6396337,6396337,-0.15,-0.42194,35.42,"August 22, 23",-0.0042194
1101.TW,2023-08-21,35,35.45,35,35.4,35.4,10749432,10749432,0.4,1.14,35.28,"August 21, 23",0.0114
1101.TW,2023-08-18,35.8,35.8,35.1,35.15,35.15,26494550,26494550,-0.65,-1.82,35.35,"August 18, 23",-0.0182
1101.TW,2023-08-17,36,36.05,35.4,35.65,35.65,21860054,21860054,-0.35,-0.97222,35.7,"August 17, 23",-0.0097222
1101.TW,2023-08-16,36.55,36.6,36,36.05,36.05,24380919,24380919,-0.5,-1.37,36.22,"August 16, 23",-0.0137
1101.TW,2023-08-15,36.85,36.9,36.55,36.7,36.7,11466627,11466627,-0.15,-0.40706,36.72,"August 15, 23",-0.0040706
1101.TW,2023-08-14,37.55,37.55,36.75,36.85,36.85,17312027,17312027,-0.7,-1.86,37.05,"August 14, 23",-0.0186
1101.TW,2023-08-11,37.15,37.75,37.1,37.4,37.4,14066934,14066934,0.25,0.67295,37.42,"August 11, 23",0.0067295
1101.TW,2023-08-10,37.2,37.25,36.8,36.85,36.85,9576123,9576123,-0.35,-0.94086,36.97,"August 10, 23",-0.0094086
1101.TW,2023-08-09,37.1,37.25,37.05,37.15,37.15,8955934,8955934,0.05,0.13477,37.15,"August 09, 23",0.0013477
1101.TW,2023-08-08,37.5,37.6,37.1,37.1,37.1,15357184,15357184,-0.4,-1.07,37.27,"August 08, 23",-0.0107
1101.TW,2023-08-07,37.5,37.7,37.4,37.65,37.65,12736577,12736577,0.15,0.4,37.58,"August 07, 23",0.004
1101.TW,2023-08-04,37.25,37.5,37.15,37.35,37.35,13103205,13103205,0.1,0.26846,37.33,"August 04, 23",0.0026846
1101.TW,2023-08-03,37.2,37.2,37.2,37.2,37.200001,0,0,0,0,37.2,"August 03, 23",0
1101.TW,2023-08-02,37.5,37.8,37.15,37.2,37.2,15841459,15841459,-0.3,-0.8,37.38,"August 02, 23",-0.008
1101.TW,2023-08-01,37.35,37.6,37.3,37.55,37.55,9123612,9123612,0.2,0.53548,37.48,"August 01, 23",0.0053548
1101.TW,2023-07-31,37.35,37.6,37.15,37.3,37.299999,16253229,16253229,-0.05,-0.13387,37.35,"July 31, 23",-0.0013387
1101.TW,2023-07-28,37.35,37.4,37.1,37.35,37.349998,8140107,8140107,0,0,37.28,"July 28, 23",0
1101.TW,2023-07-27,37.25,37.55,37.2,37.35,37.349998,10923951,10923951,0.1,0.26846,37.37,"July 27, 23",0.0026846
1101.TW,2023-07-26,37.5,37.55,37.2,37.25,37.25,11732304,11732304,-0.25,-0.66667,37.33,"July 26, 23",-0.0066667
1101.TW,2023-07-25,36.9,37.65,36.8,37.4,37.400002,24249400,24249400,0.5,1.36,37.28,"July 25, 23",0.0136
1101.TW,2023-07-24,36.2,36.9,36,36.5,36.5,15687678,15687678,0.3,0.82873,36.47,"July 24, 23",0.0082873
1101.TW,2023-07-21,36.6,36.65,36.1,36.1,36.099998,22830095,22830095,-0.5,-1.37,36.28,"July 21, 23",-0.0137
1101.TW,2023-07-20,36.65,36.75,36.55,36.55,36.549999,13656456,13656456,-0.1,-0.27285,36.62,"July 20, 23",-0.0027285
1101.TW,2023-07-19,37.1,37.1,36.55,36.6,36.599998,17137837,17137837,-0.5,-1.35,36.75,"July 19, 23",-0.0135
1101.TW,2023-07-18,36.7,37.1,36.5,37.1,37.099998,18074416,18074416,0.4,1.09,36.9,"July 18, 23",0.0109
1101.TW,2023-07-17,37,37.1,36.7,36.75,36.75,16408756,16408756,-0.25,-0.67568,36.85,"July 17, 23",-0.0067568
1101.TW,2023-07-14,36.8,37.15,36.75,37,37,12275873,12275873,0.2,0.54348,36.97,"July 14, 23",0.0054348
1101.TW,2023-07-13,36.65,37.25,36.65,36.8,36.799999,15585586,15585586,0.15,0.40928,36.9,"July 13, 23",0.0040928
1101.TW,2023-07-12,36.55,36.65,36.5,36.6,36.599998,13487205,13487205,0.05,0.1368,36.58,"July 12, 23",0.001368
1101.TW,2023-07-11,36.8,37.05,36.5,36.55,36.549999,19084552,19084552,-0.25,-0.67935,36.7,"July 11, 23",-0.0067935
1101.TW,2023-07-10,37.3,37.4,36.8,36.85,36.350277,25493449,25493449,-0.45,-1.21,37.02,"July 10, 23",-0.0121
1101.TW,2023-07-07,37.2,37.5,36.9,37.3,36.794174,19233416,19233416,0.1,0.26882,37.23,"July 07, 23",0.0026882
1101.TW,2023-07-06,37.75,37.75,37.2,37.25,36.744854,28435853,28435853,-0.5,-1.32,37.4,"July 06, 23",-0.0132
1101.TW,2023-07-05,38.05,38.15,37.8,37.8,37.287395,16926980,16926980,-0.25,-0.65703,37.92,"July 05, 23",-0.0065703
1101.TW,2023-07-04,38.2,38.3,38.05,38.05,37.534004,11424677,11424677,-0.15,-0.39267,38.13,"July 04, 23",-0.0039267
1101.TW,2023-07-03,38.2,38.3,38.15,38.25,37.731293,8501024,8501024,0.05,0.13089,38.23,"July 03, 23",0.0013089
1101.TW,2023-06-30,38.05,38.35,38.05,38.05,37.534004,11087589,11087589,0,0,38.15,"June 30, 23",0
1101.TW,2023-06-29,38.15,38.4,38.05,38.05,37.534004,9888531,9888531,-0.1,-0.26212,38.17,"June 29, 23",-0.0026212
1101.TW,2023-06-28,38.45,38.5,38,38.05,37.534004,18691661,18691661,-0.4,-1.04,38.18,"June 28, 23",-0.0104
1101.TW,2023-06-27,38.7,38.8,38.4,38.45,37.928581,10039811,10039811,-0.25,-0.64599,38.55,"June 27, 23",-0.0064599
1101.TW,2023-06-26,38.7,38.95,38.45,38.8,38.273834,13265845,13265845,0.1,0.2584,38.73,"June 26, 23",0.002584
1101.TW,2023-06-21,38.55,38.75,38.35,38.7,38.175194,14569367,14569367,0.15,0.38911,38.6,"June 21, 23",0.0038911
1101.TW,2023-06-20,38.7,38.75,38.45,38.55,38.027225,9586846,9586846,-0.15,-0.3876,38.58,"June 20, 23",-0.003876
1101.TW,2023-06-19,38.75,38.95,38.6,38.7,38.175194,12758814,12758814,-0.05,-0.12903,38.75,"June 19, 23",-0.0012903
1101.TW,2023-06-16,38.4,39.2,38.3,38.7,38.175194,38961805,38961805,0.3,0.78125,38.73,"June 16, 23",0.0078125
1101.TW,2023-06-15,38.35,38.4,38.2,38.35,37.829937,12274240,12274240,0,0,38.32,"June 15, 23",0
1101.TW,2023-06-14,38.35,38.45,38.15,38.35,37.829937,11705745,11705745,0,0,38.32,"June 14, 23",0
1101.TW,2023-06-13,38.3,38.4,38.05,38.25,37.731293,14096942,14096942,-0.05,-0.13055,38.23,"June 13, 23",-0.0013055
1101.TW,2023-06-12,38.7,38.75,38.15,38.25,37.731293,16162743,16162743,-0.45,-1.16,38.38,"June 12, 23",-0.0116
1101.TW,2023-06-09,38.5,38.5,38.3,38.45,37.928581,12381630,12381630,-0.05,-0.12987,38.42,"June 09, 23",-0.0012987
1101.TW,2023-06-08,38.8,38.8,38.3,38.5,37.977905,14265442,14265442,-0.3,-0.7732,38.53,"June 08, 23",-0.007732
1101.TW,2023-06-07,38.9,38.95,38.6,38.8,38.273834,11593905,11593905,-0.1,-0.25707,38.78,"June 07, 23",-0.0025707
1101.TW,2023-06-06,38.95,39.05,38.65,38.8,38.273834,11674163,11674163,-0.15,-0.38511,38.83,"June 06, 23",-0.0038511
1101.TW,2023-06-05,38.75,39.25,38.65,38.85,38.323154,23406334,23406334,0.1,0.25806,38.92,"June 05, 23",0.0025806
1101.TW,2023-06-02,37.75,38.75,37.75,38.55,38.027225,37466531,37466531,0.8,2.12,38.35,"June 02, 23",0.0212
1101.TW,2023-06-01,38.05,38.1,37.75,37.75,37.238075,20147654,20147654,-0.3,-0.78844,37.87,"June 01, 23",-0.0078844
1101.TW,2023-05-31,38.3,38.3,37.85,37.9,37.38604,55057858,55057858,-0.4,-1.04,38.02,"May 31, 23",-0.0104
1101.TW,2023-05-30,38.1,38.3,37.9,38.3,37.780613,28763751,28763751,0.2,0.52493,38.17,"May 30, 23",0.0052493
1101.TW,2023-05-29,38.05,38.15,37.75,38.15,37.632652,25909478,25909478,0.1,0.26281,38.02,"May 29, 23",0.0026281
1101.TW,2023-05-26,37.8,38,37.6,38,37.484684,21115433,21115433,0.2,0.5291,37.87,"May 26, 23",0.005291
1101.TW,2023-05-25,37.7,38.05,37.5,38.05,37.534004,30230589,30230589,0.35,0.92838,37.87,"May 25, 23",0.0092838
1101.TW,2023-05-24,37.85,37.9,37.5,37.85,37.336716,21466866,21466866,0,0,37.75,"May 24, 23",0
1101.TW,2023-05-23,38.25,38.3,37.9,37.9,37.38604,22587788,22587788,-0.35,-0.91503,38.03,"May 23, 23",-0.0091503
1101.TW,2023-05-22,38,38.4,37.7,38.25,37.731293,23646097,23646097,0.25,0.65789,38.12,"May 22, 23",0.0065789
1101.TW,2023-05-19,37.85,38,37.7,37.85,37.336716,23497345,23497345,0,0,37.85,"May 19, 23",0
1101.TW,2023-05-18,38,38.15,37.7,37.85,37.336716,17965567,17965567,-0.15,-0.39474,37.9,"May 18, 23",-0.0039474
1101.TW,2023-05-17,37.7,38.2,37.65,37.9,37.38604,20616708,20616708,0.2,0.5305,37.92,"May 17, 23",0.005305
1101.TW,2023-05-16,37.45,37.85,37.25,37.75,37.238075,14490455,14490455,0.3,0.80107,37.62,"May 16, 23",0.0080107
1101.TW,2023-05-15,37.8,37.8,37.15,37.35,36.843498,29268134,29268134,-0.45,-1.19,37.43,"May 15, 23",-0.0119
1101.TW,2023-05-12,37.85,37.95,37.6,37.8,37.287395,25627628,25627628,-0.05,-0.1321,37.78,"May 12, 23",-0.001321
1101.TW,2023-05-11,38.65,38.9,37.9,38.2,37.681973,23390635,23390635,-0.45,-1.16,38.33,"May 11, 23",-0.0116
1101.TW,2023-05-10,38.85,38.9,38.55,38.85,38.323154,15964415,15964415,0,0,38.77,"May 10, 23",0
1101.TW,2023-05-09,39.7,39.7,38.55,38.65,38.12587,37625693,37625693,-1.05,-2.64,38.97,"May 09, 23",-0.0264
1101.TW,2023-05-08,39.55,39.8,39.35,39.6,39.062984,26033073,26033073,0.05,0.12642,39.58,"May 08, 23",0.0012642
1101.TW,2023-05-05,39.55,39.8,39.15,39.3,38.767056,15727666,15727666,-0.25,-0.63211,39.42,"May 05, 23",-0.0063211
1101.TW,2023-05-04,39.5,39.75,39.2,39.45,38.91502,19245098,19245098,-0.05,-0.12658,39.47,"May 04, 23",-0.0012658
1101.TW,2023-05-03,40.15,40.15,39.3,39.5,38.964344,34833962,34833962,-0.65,-1.62,39.65,"May 03, 23",-0.0162
1101.TW,2023-05-02,39,40.25,38.9,39.9,39.358921,68765693,68765693,0.9,2.31,39.68,"May 02, 23",0.0231
1101.TW,2023-04-28,38.95,39.15,38.55,38.7,38.175194,24608337,24608337,-0.25,-0.64185,38.8,"April 28, 23",-0.0064185
1101.TW,2023-04-27,39.2,39.4,38.55,38.65,38.12587,28795584,28795584,-0.55,-1.4,38.87,"April 27, 23",-0.014
1101.TW,2023-04-26,38.2,39.2,38.2,39.1,38.569767,34071927,34071927,0.9,2.36,38.83,"April 26, 23",0.0236
1101.TW,2023-04-25,39.55,39.6,38.3,38.5,37.977905,51999570,51999570,-1.05,-2.65,38.8,"April 25, 23",-0.0265
1101.TW,2023-04-24,39.2,39.8,38.85,39.55,39.013664,76788492,76788492,0.35,0.89286,39.4,"April 24, 23",0.0089286
1101.TW,2023-04-21,37.5,38.95,37.5,38.3,37.780613,64324823,64324823,0.8,2.13,38.25,"April 21, 23",0.0213
1101.TW,2023-04-20,37.2,37.5,37.1,37.2,36.695534,12478566,12478566,0,0,37.27,"April 20, 23",0
1101.TW,2023-04-19,37.45,37.65,37.1,37.1,36.596886,12596464,12596464,-0.35,-0.93458,37.28,"April 19, 23",-0.0093458
1101.TW,2023-04-18,37.95,38,37.3,37.45,36.942142,13368547,13368547,-0.5,-1.32,37.58,"April 18, 23",-0.0132
1101.TW,2023-04-17,37.65,38.3,37.65,37.95,37.435364,27458785,27458785,0.3,0.79681,37.97,"April 17, 23",0.0079681
1101.TW,2023-04-14,37.6,37.65,37.3,37.55,37.040787,10684990,10684990,-0.05,-0.13298,37.5,"April 14, 23",-0.0013298
1101.TW,2023-04-13,37.65,37.7,37.45,37.55,37.040787,11706575,11706575,-0.1,-0.2656,37.57,"April 13, 23",-0.002656
1101.TW,2023-04-12,37.6,37.85,37.45,37.45,36.942142,17654034,17654034,-0.15,-0.39894,37.58,"April 12, 23",-0.0039894
1101.TW,2023-04-11,36.75,37.65,36.75,37.45,36.942142,27028336,27028336,0.7,1.9,37.28,"April 11, 23",0.019
1101.TW,2023-04-10,36.45,36.6,36.3,36.6,36.103668,10289255,10289255,0.15,0.41152,36.5,"April 10, 23",0.0041152
1101.TW,2023-04-07,36.45,36.55,36.35,36.4,35.906384,6244272,6244272,-0.05,-0.13717,36.43,"April 07, 23",-0.0013717
1101.TW,2023-04-06,36.65,36.7,36.2,36.45,35.955704,8506952,8506952,-0.2,-0.5457,36.45,"April 06, 23",-0.005457
1101.TW,2023-03-31,36.2,36.6,36.1,36.4,35.906384,11026408,11026408,0.2,0.55249,36.37,"March 31, 23",0.0055249
1101.TW,2023-03-30,36.45,36.45,36.05,36.2,35.709095,12599715,12599715,-0.25,-0.68587,36.23,"March 30, 23",-0.0068587
1101.TW,2023-03-29,36.25,36.4,36.05,36.35,35.857059,12786898,12786898,0.1,0.27586,36.27,"March 29, 23",0.0027586
1101.TW,2023-03-28,36.6,36.65,36.1,36.2,35.709095,26713284,26713284,-0.4,-1.09,36.32,"March 28, 23",-0.0109
1101.TW,2023-03-27,37,37.1,36.6,36.65,36.152992,25456882,25456882,-0.35,-0.94595,36.78,"March 27, 23",-0.0094595
1101.TW,2023-03-24,37.4,37.7,37.3,37.6,37.090107,13715345,13715345,0.2,0.53476,37.53,"March 24, 23",0.0053476
1101.TW,2023-03-23,37.4,37.55,37.2,37.35,36.843498,14396988,14396988,-0.05,-0.13369,37.37,"March 23, 23",-0.0013369
1101.TW,2023-03-22,37.25,37.4,37.15,37.2,36.695534,16617371,16617371,-0.05,-0.13423,37.25,"March 22, 23",-0.0013423
1101.TW,2023-03-21,37,37.35,37,37.05,36.547565,11538516,11538516,0.05,0.13514,37.13,"March 21, 23",0.0013514
1101.TW,2023-03-20,36.5,37,36.5,36.9,36.399601,11027391,11027391,0.4,1.1,36.8,"March 20, 23",0.011
1101.TW,2023-03-17,36.6,36.75,36.35,36.4,35.906384,31623314,31623314,-0.2,-0.54645,36.5,"March 17, 23",-0.0054645
1101.TW,2023-03-16,36.9,37,36.3,36.35,35.857059,19901254,19901254,-0.55,-1.49,36.55,"March 16, 23",-0.0149
1101.TW,2023-03-15,36.9,37.3,36.9,37.1,36.596886,15540887,15540887,0.2,0.54201,37.1,"March 15, 23",0.0054201
1101.TW,2023-03-14,36.4,37,36.3,36.75,36.251637,17387103,17387103,0.35,0.96154,36.68,"March 14, 23",0.0096154
1101.TW,2023-03-13,36.45,37,36.15,36.75,36.251637,22305095,22305095,0.3,0.82305,36.63,"March 13, 23",0.0082305
1101.TW,2023-03-10,36.9,36.9,36.6,36.7,36.202312,24718477,24718477,-0.2,-0.54201,36.73,"March 10, 23",-0.0054201
1101.TW,2023-03-09,37.75,37.85,37.15,37.2,36.695534,23437547,23437547,-0.55,-1.46,37.4,"March 09, 23",-0.0146
1101.TW,2023-03-08,37.85,37.9,37.5,37.75,37.238075,21390769,21390769,-0.1,-0.2642,37.72,"March 08, 23",-0.002642
1101.TW,2023-03-07,38.05,38.1,37.9,37.95,37.435364,12186403,12186403,-0.1,-0.26281,37.98,"March 07, 23",-0.0026281
1101.TW,2023-03-06,38,38.1,37.85,37.95,37.435364,11966420,11966420,-0.05,-0.13158,37.97,"March 06, 23",-0.0013158
1101.TW,2023-03-03,38.1,38.15,37.65,37.75,37.238075,14481664,14481664,-0.35,-0.91864,37.85,"March 03, 23",-0.0091864
1101.TW,2023-03-02,37.8,38.15,37.45,37.9,37.38604,18043440,18043440,0.1,0.26455,37.83,"March 02, 23",0.0026455
1101.TW,2023-03-01,38.85,38.85,37.6,37.8,37.287395,46261621,46261621,-1.05,-2.7,38.08,"March 01, 23",-0.027
1101.TW,2023-02-24,39.65,39.7,39.05,39.15,38.619091,56765554,56765554,-0.5,-1.26,39.3,"February 24, 23",-0.0126
1101.TW,2023-02-23,38.5,39.7,38.4,39.5,38.964344,47541292,47541292,1,2.6,39.2,"February 23, 23",0.026
1101.TW,2023-02-22,38.15,38.3,37.85,38.05,37.534004,19469210,19469210,-0.1,-0.26212,38.07,"February 22, 23",-0.0026212
1101.TW,2023-02-21,38.4,38.5,38.15,38.35,37.829937,9314605,9314605,-0.05,-0.13021,38.33,"February 21, 23",-0.0013021
1101.TW,2023-02-20,37.95,38.4,37.8,38.25,37.731293,16481053,16481053,0.3,0.79051,38.15,"February 20, 23",0.0079051
1101.TW,2023-02-17,37.4,38,37.25,38,37.484684,18104694,18104694,0.6,1.6,37.75,"February 17, 23",0.016
1101.TW,2023-02-16,37.7,37.85,37.35,37.5,36.991463,16338357,16338357,-0.2,-0.5305,37.57,"February 16, 23",-0.005305
1101.TW,2023-02-15,37.35,37.85,37.3,37.55,37.040787,18957618,18957618,0.2,0.53548,37.57,"February 15, 23",0.0053548
1101.TW,2023-02-14,37.2,37.8,37.15,37.25,36.744854,23786079,23786079,0.05,0.13441,37.4,"February 14, 23",0.0013441
1101.TW,2023-02-13,36.9,37.15,36.7,37,36.498245,14498526,14498526,0.1,0.271,36.95,"February 13, 23",0.00271
1101.TW,2023-02-10,36.55,37,36.45,36.85,36.350277,15467201,15467201,0.3,0.82079,36.77,"February 10, 23",0.0082079
1101.TW,2023-02-09,36.7,36.8,36.55,36.6,36.103668,11289093,11289093,-0.1,-0.27248,36.65,"February 09, 23",-0.0027248
1101.TW,2023-02-08,36.55,36.8,36.5,36.75,36.251637,12099849,12099849,0.2,0.5472,36.68,"February 08, 23",0.005472
1101.TW,2023-02-07,36.2,36.65,36.2,36.65,36.152992,12735984,12735984,0.45,1.24,36.5,"February 07, 23",0.0124
1101.TW,2023-02-06,36.4,36.45,36,36.15,35.659775,18669662,18669662,-0.25,-0.68681,36.2,"February 06, 23",-0.0068681
1101.TW,2023-02-03,36.75,36.75,36.3,36.45,35.955704,16564424,16564424,-0.3,-0.81633,36.5,"February 03, 23",-0.0081633
1101.TW,2023-02-02,36.85,36.9,36.55,36.8,36.300957,14688983,14688983,-0.05,-0.13569,36.75,"February 02, 23",-0.0013569
1101.TW,2023-02-01,36.45,36.75,36.3,36.75,36.251637,15115396,15115396,0.3,0.82305,36.6,"February 01, 23",0.0082305
1101.TW,2023-01-31,36.9,36.9,36.25,36.25,35.758415,23651274,23651274,-0.65,-1.76,36.47,"January 31, 23",-0.0176
1101.TW,2023-01-30,37.2,37.25,36.5,36.95,36.448925,38125597,38125597,-0.25,-0.67204,36.9,"January 30, 23",-0.0067204
1101.TW,2023-01-17,36.45,36.45,35.9,36,35.511806,21192605,21192605,-0.45,-1.23,36.12,"January 17, 23",-0.0123
1101.TW,2023-01-16,36.55,36.9,36.15,36.5,36.005024,34265823,34265823,-0.05,-0.1368,36.52,"January 16, 23",-0.001368
1101.TW,2023-01-13,35.55,36.3,35.55,36.15,35.659775,41352670,41352670,0.6,1.69,36,"January 13, 23",0.0169
1101.TW,2023-01-12,34.75,35.5,34.7,35.4,34.919945,26335803,26335803,0.65,1.87,35.2,"January 12, 23",0.0187
1101.TW,2023-01-11,34.7,34.85,34.55,34.7,34.229435,15305459,15305459,0,0,34.7,"January 11, 23",0
1101.TW,2023-01-10,34.65,34.7,34.35,34.6,34.130791,11335305,11335305,-0.05,-0.1443,34.55,"January 10, 23",-0.001443
1101.TW,2023-01-09,34.6,34.65,34.35,34.6,34.130791,15548009,15548009,0,0,34.53,"January 09, 23",0
1101.TW,2023-01-06,34.45,34.6,34.1,34.25,33.785538,13567646,13567646,-0.2,-0.58055,34.32,"January 06, 23",-0.0058055
1101.TW,2023-01-05,34.15,34.7,34.05,34.45,33.982826,27245073,27245073,0.3,0.87848,34.4,"January 05, 23",0.0087848
1101.TW,2023-01-04,33.65,33.75,33.5,33.5,33.045708,10433708,10433708,-0.15,-0.44577,33.58,"January 04, 23",-0.0044577
1101.TW,2023-01-03,33.6,33.75,33.3,33.5,33.045708,11523410,11523410,-0.1,-0.29762,33.52,"January 03, 23",-0.0029762
1101.TW,2022-12-30,33.9,34,33.65,33.65,33.193676,8488022,8488022,-0.25,-0.73746,33.77,"December 30, 22",-0.0073746
1101.TW,2022-12-29,34.25,34.25,33.7,33.7,33.242996,13374728,13374728,-0.55,-1.61,33.88,"December 29, 22",-0.0161
1101.TW,2022-12-28,34.15,34.35,33.95,34.3,33.834858,13791324,13791324,0.15,0.43924,34.2,"December 28, 22",0.0043924
1101.TW,2022-12-27,34.55,34.7,34.3,34.3,33.834858,11350887,11350887,-0.25,-0.72359,34.43,"December 27, 22",-0.0072359
1101.TW,2022-12-26,34.35,34.45,34.1,34.4,33.933506,12280553,12280553,0.05,0.14556,34.32,"December 26, 22",0.0014556
1101.TW,2022-12-23,34.15,34.6,33.8,34.05,33.588249,23326330,23326330,-0.1,-0.29283,34.15,"December 23, 22",-0.0029283
1101.TW,2022-12-22,34.2,34.8,34.05,34.45,33.982826,71466548,71466548,0.25,0.73099,34.43,"December 22, 22",0.0073099
1101.TW,2022-12-21,33.8,34.1,33.55,34.05,33.588249,67421285,67421285,0.25,0.73964,33.9,"December 21, 22",0.0073964
1101.TW,2022-12-20,33.7,34.05,33.55,33.7,33.242996,66868221,66868221,0,0,33.77,"December 20, 22",0
1101.TW,2022-12-19,34.15,34.2,33.6,33.85,33.390961,78747100,78747100,-0.3,-0.87848,33.88,"December 19, 22",-0.0087848
1101.TW,2022-12-16,33.2,34.6,33,34.6,34.130791,71953709,71953709,1.4,4.22,34.07,"December 16, 22",0.0422
1101.TW,2022-12-15,33.55,33.7,33.4,33.55,33.095028,13931494,13931494,0,0,33.55,"December 15, 22",0
1101.TW,2022-12-14,34,34,33.5,33.5,33.045708,19262036,19262036,-0.5,-1.47,33.67,"December 14, 22",-0.0147
1101.TW,2022-12-13,33.9,34.2,33.6,33.7,33.242996,20832657,20832657,-0.2,-0.58997,33.83,"December 13, 22",-0.0058997
1101.TW,2022-12-12,33.7,33.9,33.55,33.85,33.390961,12432823,12432823,0.15,0.4451,33.77,"December 12, 22",0.004451
1101.TW,2022-12-09,33.4,33.9,33.25,33.7,33.242996,20457180,20457180,0.3,0.8982,33.62,"December 09, 22",0.008982
1101.TW,2022-12-08,33.3,33.35,33.15,33.2,32.749779,14200372,14200372,-0.1,-0.3003,33.23,"December 08, 22",-0.003003
1101.TW,2022-12-07,33.2,33.5,33.05,33.35,32.897739,21909720,21909720,0.15,0.45181,33.3,"December 07, 22",0.0045181
1101.TW,2022-12-06,33.65,33.65,33.3,33.3,32.848419,21256755,21256755,-0.35,-1.04,33.42,"December 06, 22",-0.0104
1101.TW,2022-12-05,33.45,33.8,33.25,33.7,33.242996,31134805,31134805,0.25,0.74738,33.58,"December 05, 22",0.0074738
1101.TW,2022-12-02,33.9,33.9,33.6,33.65,33.193676,23221118,23221118,-0.25,-0.73746,33.72,"December 02, 22",-0.0073746
1101.TW,2022-12-01,34.4,34.4,33.8,34.05,33.588249,38220493,38220493,-0.35,-1.02,34.08,"December 01, 22",-0.0102
1101.TW,2022-11-30,33.35,33.9,33.2,33.9,33.440285,45425426,45425426,0.55,1.65,33.67,"November 30, 22",0.0165
1101.TW,2022-11-29,33.05,33.55,32.85,33.55,33.095028,22131247,22131247,0.5,1.51,33.32,"November 29, 22",0.0151
1101.TW,2022-11-28,33.3,33.4,32.8,33,32.55249,32038057,32038057,-0.3,-0.9009,33.07,"November 28, 22",-0.009009
1101.TW,2022-11-25,33.1,33.55,33.1,33.55,33.095028,28220045,28220045,0.45,1.36,33.4,"November 25, 22",0.0136
1101.TW,2022-11-24,33,33.2,32.7,33.2,32.749779,25390750,25390750,0.2,0.60606,33.03,"November 24, 22",0.0060606
1101.TW,2022-11-23,32.85,33.1,32.55,32.7,32.256557,20279555,20279555,-0.15,-0.45662,32.78,"November 23, 22",-0.0045662
1101.TW,2022-11-22,32.75,32.8,32.5,32.65,32.207237,24207863,24207863,-0.1,-0.30534,32.65,"November 22, 22",-0.0030534
1101.TW,2022-11-21,33.3,33.35,32.8,32.85,32.404522,25430532,25430532,-0.45,-1.35,33,"November 21, 22",-0.0135
1101.TW,2022-11-18,33.7,34.1,33.2,33.3,32.848419,68141925,68141925,-0.4,-1.19,33.53,"November 18, 22",-0.0119
1101.TW,2022-11-17,33.55,34.7,33.5,34.25,33.785538,73432472,73432472,0.7,2.09,34.15,"November 17, 22",0.0209
1101.TW,2022-11-16,33.5,33.6,32.9,32.9,32.453846,48665140,48665140,-0.6,-1.79,33.13,"November 16, 22",-0.0179
1101.TW,2022-11-15,33.95,33.95,33,33.85,33.390961,47225473,47225473,-0.1,-0.29455,33.6,"November 15, 22",-0.0029455
1101.TW,2022-11-14,32.45,34.4,32.25,34.15,33.686893,62007121,62007121,1.7,5.24,33.6,"November 14, 22",0.0524
1101.TW,2022-11-11,32.3,32.45,31.9,32.15,31.714018,21923099,21923099,-0.15,-0.4644,32.17,"November 11, 22",-0.004644
1101.TW,2022-11-10,31.7,32.2,31.55,31.7,31.270119,15333810,15333810,0,0,31.82,"November 10, 22",0
1101.TW,2022-11-09,31.65,32.1,31.55,31.9,31.467405,21779321,21779321,0.25,0.78989,31.85,"November 09, 22",0.0078989
1101.TW,2022-11-08,31.15,31.85,31.1,31.65,31.220795,22816708,22816708,0.5,1.61,31.53,"November 08, 22",0.0161
1101.TW,2022-11-07,30.6,31,30.5,31,30.579611,16539214,16539214,0.4,1.31,30.83,"November 07, 22",0.0131
1101.TW,2022-11-04,30.2,30.55,30.15,30.45,30.037069,15739518,15739518,0.25,0.82781,30.38,"November 04, 22",0.0082781
1101.TW,2022-11-03,30.25,30.4,30.15,30.3,29.889103,16984572,16984572,0.05,0.16529,30.28,"November 03, 22",0.0016529
1101.TW,2022-11-02,30.65,30.85,30.55,30.75,30.333,11682846,11682846,0.1,0.32626,30.72,"November 02, 22",0.0032626
1101.TW,2022-11-01,30.25,30.75,30.1,30.65,30.234356,12092559,12092559,0.4,1.32,30.5,"November 01, 22",0.0132
1101.TW,2022-10-31,30.75,31,30.25,30.25,29.839781,17972532,17972532,-0.5,-1.63,30.5,"October 31, 22",-0.0163
1101.TW,2022-10-28,30.95,31.15,30.35,30.5,30.086391,16363906,16363906,-0.45,-1.45,30.67,"October 28, 22",-0.0145
1101.TW,2022-10-27,30.65,31.15,30.65,30.85,30.431644,19320399,19320399,0.2,0.65253,30.88,"October 27, 22",0.0065253
1101.TW,2022-10-26,30,30.5,29.8,30.3,29.889103,19501190,19501190,0.3,1,30.2,"October 26, 22",0.01
1101.TW,2022-10-25,30.65,30.65,29.9,29.9,29.494528,37267079,37267079,-0.75,-2.45,30.15,"October 25, 22",-0.0245
1101.TW,2022-10-24,31.5,31.6,30.6,30.6,30.185036,20873910,20873910,-0.9,-2.86,30.93,"October 24, 22",-0.0286
1101.TW,2022-10-21,31.05,31.35,30.6,31,30.579611,15026476,15026476,-0.05,-0.16103,30.98,"October 21, 22",-0.0016103
1101.TW,2022-10-20,31.2,31.35,30.6,30.9,30.480967,44849794,44849794,-0.3,-0.96154,30.95,"October 20, 22",-0.0096154
1101.TW,2022-10-19,31.45,32.05,31.4,31.6,31.171474,38708947,38708947,0.15,0.47695,31.68,"October 19, 22",0.0047695
1101.TW,2022-10-18,31.85,32,31.2,31.45,31.023508,33720258,33720258,-0.4,-1.26,31.55,"October 18, 22",-0.0126
1101.TW,2022-10-17,32.3,32.3,31.4,31.7,31.270119,42383090,42383090,-0.6,-1.86,31.8,"October 17, 22",-0.0186
1101.TW,2022-10-14,33,33.05,32.4,32.4,31.960627,31767869,31767869,-0.6,-1.82,32.62,"October 14, 22",-0.0182
1101.TW,2022-10-13,33.75,33.85,32.65,32.65,32.207237,40997521,40997521,-1.1,-3.26,33.05,"October 13, 22",-0.0326
1101.TW,2022-10-12,33.75,34,33.6,33.75,33.292316,16900474,16900474,0,0,33.78,"October 12, 22",0
1101.TW,2022-10-11,34.1,34.1,33.7,33.8,33.34164,23423998,23423998,-0.3,-0.87977,33.87,"October 11, 22",-0.0087977
1101.TW,2022-10-07,34.15,34.5,34.15,34.25,33.785538,12762165,12762165,0.1,0.29283,34.3,"October 07, 22",0.0029283
1101.TW,2022-10-06,34.35,34.5,34.2,34.3,33.834858,17771524,17771524,-0.05,-0.14556,34.33,"October 06, 22",-0.0014556
1101.TW,2022-10-05,34.25,34.4,34.05,34.15,33.686893,28429106,28429106,-0.1,-0.29197,34.2,"October 05, 22",-0.0029197
1101.TW,2022-10-04,33.9,34.2,33.55,33.85,33.390961,27779151,27779151,-0.05,-0.14749,33.87,"October 04, 22",-0.0014749
1101.TW,2022-10-03,33.65,33.9,33.4,33.65,33.193676,20987202,20987202,0,0,33.65,"October 03, 22",0
1101.TW,2022-09-30,33.8,34.05,33.6,33.8,33.34164,44017318,44017318,0,0,33.82,"September 30, 22",0
1101.TW,2022-09-29,34.5,34.75,33.9,34.15,33.686893,78593145,78593145,-0.35,-1.01,34.27,"September 29, 22",-0.0101
1101.TW,2022-09-28,35.8,35.8,34.9,34.9,34.426723,32035948,32035948,-0.9,-2.51,35.2,"September 28, 22",-0.0251
1101.TW,2022-09-27,35.7,36.2,35.6,35.8,35.314518,30244818,30244818,0.1,0.28011,35.87,"September 27, 22",0.0028011
1101.TW,2022-09-26,36.6,36.6,35.85,35.85,35.363838,39630908,39630908,-0.75,-2.05,36.1,"September 26, 22",-0.0205
1101.TW,2022-09-23,37.1,37.25,37,37,36.498245,29391851,29391851,-0.1,-0.26954,37.08,"September 23, 22",-0.0026954
1101.TW,2022-09-22,37.8,37.8,37.25,37.55,37.040787,37904245,37904245,-0.25,-0.66138,37.53,"September 22, 22",-0.0066138
1101.TW,2022-09-21,38.45,38.55,38,38.1,37.583324,32548682,32548682,-0.35,-0.91027,38.22,"September 21, 22",-0.0091027
1101.TW,2022-09-20,38.7,39.05,38.55,38.55,38.027225,22933234,22933234,-0.15,-0.3876,38.72,"September 20, 22",-0.003876
1101.TW,2022-09-19,38.9,39.1,38.7,38.8,38.273834,18825234,18825234,-0.1,-0.25707,38.87,"September 19, 22",-0.0025707
1101.TW,2022-09-16,39.35,39.4,38.6,38.6,38.076546,41626394,41626394,-0.75,-1.91,38.87,"September 16, 22",-0.0191
1101.TW,2022-09-15,39.55,39.75,39.4,39.55,39.013664,19908652,19908652,0,0,39.57,"September 15, 22",0
1101.TW,2022-09-14,39.45,39.85,39.4,39.65,39.112309,14338818,14338818,0.2,0.50697,39.63,"September 14, 22",0.0050697
1101.TW,2022-09-13,40,40,39.7,39.9,39.358921,23184397,23184397,-0.1,-0.25,39.87,"September 13, 22",-0.0025
1101.TW,2022-09-12,39.95,40,39.6,39.8,39.260273,13128666,13128666,-0.15,-0.37547,39.8,"September 12, 22",-0.0037547
1101.TW,2022-09-08,39.8,39.9,39.55,39.85,39.309593,12389171,12389171,0.05,0.12563,39.77,"September 08, 22",0.0012563
1101.TW,2022-09-07,39.85,40,39.5,39.7,39.161633,19868088,19868088,-0.15,-0.37641,39.73,"September 07, 22",-0.0037641
1101.TW,2022-09-06,39.2,39.85,39.2,39.85,39.309593,26842640,26842640,0.65,1.66,39.63,"September 06, 22",0.0166
1101.TW,2022-09-05,38.55,39.2,38.5,39.1,38.569767,22392775,22392775,0.55,1.43,38.93,"September 05, 22",0.0143
1101.TW,2022-09-02,38.9,39,38.4,38.5,37.977905,23401911,23401911,-0.4,-1.03,38.63,"September 02, 22",-0.0103
1101.TW,2022-09-01,39.1,39.15,38.8,38.9,38.372482,19338905,19338905,-0.2,-0.51151,38.95,"September 01, 22",-0.0051151
1101.TW,2022-08-31,39.25,39.4,39.1,39.3,38.767056,18976520,18976520,0.05,0.12739,39.27,"August 31, 22",0.0012739
1101.TW,2022-08-30,39.3,39.5,39.15,39.25,38.717731,12283152,12283152,-0.05,-0.12723,39.3,"August 30, 22",-0.0012723
1101.TW,2022-08-29,39.1,39.5,39,39.35,38.816376,14266276,14266276,0.25,0.63939,39.28,"August 29, 22",0.0063939
1101.TW,2022-08-26,39.7,39.7,39.5,39.65,39.112309,10766729,10766729,-0.05,-0.12594,39.62,"August 26, 22",-0.0012594
1101.TW,2022-08-25,39.45,39.55,39.25,39.55,39.013664,11560116,11560116,0.1,0.25349,39.45,"August 25, 22",0.0025349
1101.TW,2022-08-24,39.35,39.35,39.1,39.25,38.717731,10879337,10879337,-0.1,-0.25413,39.23,"August 24, 22",-0.0025413
1101.TW,2022-08-23,39.5,39.5,39.1,39.35,38.816376,14274197,14274197,-0.15,-0.37975,39.32,"August 23, 22",-0.0037975
1101.TW,2022-08-22,39.25,39.25,39.05,39.15,38.619091,6397000,6397000,-0.1,-0.25478,39.15,"August 22, 22",-0.0025478
1101.TW,2022-08-19,39.8,39.85,39.35,39.45,38.91502,12721978,12721978,-0.35,-0.8794,39.55,"August 19, 22",-0.008794
1101.TW,2022-08-18,39.9,39.9,39.5,39.8,39.260273,14016349,14016349,-0.1,-0.25063,39.73,"August 18, 22",-0.0025063
1101.TW,2022-08-17,39.4,40,39.2,40,39.457561,16377741,16377741,0.6,1.52,39.73,"August 17, 22",0.0152
1101.TW,2022-08-16,39.5,39.55,39.1,39.35,38.816376,12974227,12974227,-0.15,-0.37975,39.33,"August 16, 22",-0.0037975
1101.TW,2022-08-15,39.3,39.45,39,39.3,38.767056,12057811,12057811,0,0,39.25,"August 15, 22",0
1101.TW,2022-08-12,39.15,39.35,39,39.3,38.767056,12222260,12222260,0.15,0.38314,39.22,"August 12, 22",0.0038314
1101.TW,2022-08-11,38.45,39.35,38.45,39.35,38.816376,21657321,21657321,0.9,2.34,39.05,"August 11, 22",0.0234
1101.TW,2022-08-10,38.6,38.8,38.35,38.75,38.224514,12888723,12888723,0.15,0.3886,38.63,"August 10, 22",0.003886
1101.TW,2022-08-09,38.6,38.75,38.2,38.75,38.224514,14679518,14679518,0.15,0.3886,38.57,"August 09, 22",0.003886
1101.TW,2022-08-08,38.85,38.85,38.3,38.7,38.175194,12486982,12486982,-0.15,-0.3861,38.62,"August 08, 22",-0.003861
1101.TW,2022-08-05,39.1,39.15,38.8,38.85,38.323154,11432774,11432774,-0.25,-0.63939,38.93,"August 05, 22",-0.0063939
1101.TW,2022-08-04,39.05,39.2,38.55,38.75,38.224514,18632159,18632159,-0.3,-0.76825,38.83,"August 04, 22",-0.0076825
1101.TW,2022-08-03,39.05,39.1,38.75,39.1,38.569767,15852481,15852481,0.05,0.12804,38.98,"August 03, 22",0.0012804
1101.TW,2022-08-02,39.05,39.45,39,39.15,38.619091,19807281,19807281,0.1,0.25608,39.2,"August 02, 22",0.0025608
1101.TW,2022-08-01,39,39.5,38.75,39.5,38.964344,16972353,16972353,0.5,1.28,39.25,"August 01, 22",0.0128
1101.TW,2022-07-29,38.5,38.75,38.35,38.75,38.224514,13558751,13558751,0.25,0.64935,38.62,"July 29, 22",0.0064935
1101.TW,2022-07-28,38.05,38.2,37.95,38.2,37.681973,13635296,13635296,0.15,0.39422,38.12,"July 28, 22",0.0039422
1101.TW,2022-07-27,37.8,37.95,37.75,37.85,37.336716,12392630,12392630,0.05,0.13228,37.85,"July 27, 22",0.0013228
1101.TW,2022-07-26,37.85,37.95,37.65,37.8,37.287395,14496880,14496880,-0.05,-0.1321,37.8,"July 26, 22",-0.001321
1101.TW,2022-07-25,37.7,38,37.5,37.85,37.336716,14455125,14455125,0.15,0.39788,37.78,"July 25, 22",0.0039788
1101.TW,2022-07-22,38.1,38.2,37.6,37.7,37.188751,32787745,32787745,-0.4,-1.05,37.83,"July 22, 22",-0.0105
1101.TW,2022-07-21,38,38.4,37.8,38.05,37.534004,44785056,44785056,0.05,0.13158,38.08,"July 21, 22",0.0013158
1101.TW,2022-07-20,38.18,38.37,37.73,37.82,36.322037,31908922,31908922,-0.36,-0.9429,37.97,"July 20, 22",-0.009429
1101.TW,2022-07-19,37,37.87,36.82,37.87,36.365688,28107723,28107723,0.87,2.35,37.52,"July 19, 22",0.0235
1101.TW,2022-07-18,36.82,37,36.41,37,35.536221,22532002,22532002,0.18,0.48886,36.81,"July 18, 22",0.0048886
1101.TW,2022-07-15,37.87,37.91,36.82,36.82,35.361595,22130863,22130863,-1.05,-2.77,37.18,"July 15, 22",-0.0277
1101.TW,2022-07-14,37.87,38.09,37.64,37.91,36.409344,12425753,12425753,0.04,0.10562,37.88,"July 14, 22",0.0010562
1101.TW,2022-07-13,38.18,38.37,37.73,38,36.496658,20215880,20215880,-0.18,-0.47145,38.03,"July 13, 22",-0.0047145
1101.TW,2022-07-12,37.23,37.5,37,37.28,35.798157,14632235,14632235,0.05,0.1343,37.26,"July 12, 22",0.001343
1101.TW,2022-07-11,37.14,37.46,37.05,37.37,35.885471,13952032,13952032,0.23,0.61928,37.29,"July 11, 22",0.0061928
1101.TW,2022-07-08,37.28,37.32,36.82,37.09,35.623531,15452920,15452920,-0.19,-0.50966,37.08,"July 08, 22",-0.0050966
1101.TW,2022-07-07,36.68,37.28,36.59,37.18,35.710846,14471819,14471819,0.5,1.36,37.02,"July 07, 22",0.0136
1101.TW,2022-07-06,37.14,37.28,36.37,36.37,34.925034,14619707,14619707,-0.77,-2.07,36.67,"July 06, 22",-0.0207
1101.TW,2022-07-05,36.82,37.14,36.59,37.05,35.579876,17519427,17519427,0.23,0.62466,36.93,"July 05, 22",0.0062466
1101.TW,2022-07-04,36.73,36.91,36.18,36.37,34.925034,20770243,20770243,-0.36,-0.98013,36.49,"July 04, 22",-0.0098013
1101.TW,2022-07-01,36.18,37.23,36.09,36.68,35.230625,29111037,29111037,0.5,1.38,36.67,"July 01, 22",0.0138
1101.TW,2022-06-30,36.09,36.14,35.68,35.91,34.488472,23672220,23672220,-0.18,-0.49875,35.91,"June 30, 22",-0.0049875
1101.TW,2022-06-29,36.09,36.18,35.82,35.96,34.532124,17235391,17235391,-0.13,-0.36021,35.99,"June 29, 22",-0.0036021
1101.TW,2022-06-28,36.46,36.46,36,36,34.575783,11570137,11570137,-0.46,-1.26,36.15,"June 28, 22",-0.0126
1101.TW,2022-06-27,36.37,36.59,36.14,36.18,34.750404,17590116,17590116,-0.19,-0.52241,36.31,"June 27, 22",-0.0052241
1101.TW,2022-06-24,35.91,36.09,35.64,35.91,34.488472,16399270,16399270,0,0,35.88,"June 24, 22",0
1101.TW,2022-06-23,36.14,36.28,35.46,35.46,34.051907,19806973,19806973,-0.68,-1.88,35.73,"June 23, 22",-0.0188
1101.TW,2022-06-22,36.05,36.28,35.87,35.91,34.488472,17635322,17635322,-0.14,-0.38835,36.02,"June 22, 22",-0.0038835
1101.TW,2022-06-21,35.46,36,35.41,35.87,34.444813,19084833,19084833,0.41,1.16,35.76,"June 21, 22",0.0116
1101.TW,2022-06-20,35.96,35.96,35.32,35.32,33.920933,28876774,28876774,-0.64,-1.78,35.53,"June 20, 22",-0.0178
1101.TW,2022-06-17,36.23,36.28,35.96,36,34.575783,37139406,37139406,-0.23,-0.63483,36.08,"June 17, 22",-0.0063483
1101.TW,2022-06-16,36.82,37.18,36.37,36.37,34.925034,22893930,22893930,-0.45,-1.22,36.64,"June 16, 22",-0.0122
1101.TW,2022-06-15,36.55,36.64,36.41,36.41,34.968689,24410400,24410400,-0.14,-0.38304,36.49,"June 15, 22",-0.0038304
1101.TW,2022-06-14,36.82,36.87,36.41,36.46,35.012344,28333838,28333838,-0.36,-0.97773,36.58,"June 14, 22",-0.0097773
1101.TW,2022-06-13,37.28,37.32,36.96,37.09,35.623531,30325928,30325928,-0.19,-0.50966,37.12,"June 13, 22",-0.0050966
1101.TW,2022-06-10,37.64,37.73,37.59,37.64,36.147408,9509865,9509865,0,0,37.65,"June 10, 22",0
1101.TW,2022-06-09,38,38,37.78,37.78,36.278374,10278838,10278838,-0.22,-0.57895,37.85,"June 09, 22",-0.0057895
1101.TW,2022-06-08,37.68,38.05,37.64,37.96,36.453003,13542588,13542588,0.28,0.7431,37.88,"June 08, 22",0.007431
1101.TW,2022-06-07,37.73,37.96,37.59,37.59,36.103752,21507425,21507425,-0.14,-0.37106,37.71,"June 07, 22",-0.0037106
1101.TW,2022-06-06,37.96,38.09,37.64,37.78,36.278374,16608263,16608263,-0.18,-0.47418,37.84,"June 06, 22",-0.0047418
1101.TW,2022-06-02,38.18,38.18,37.87,37.91,36.409344,17020993,17020993,-0.27,-0.70718,37.99,"June 02, 22",-0.0070718
1101.TW,2022-06-01,38.78,38.82,38.23,38.28,36.758598,21546209,21546209,-0.5,-1.29,38.44,"June 01, 22",-0.0129
1101.TW,2022-05-31,38.91,39,38.55,38.73,37.19516,39471182,39471182,-0.18,-0.46261,38.76,"May 31, 22",-0.0046261
1101.TW,2022-05-30,38.68,39.14,38.68,38.91,37.369785,23593485,23593485,0.23,0.59462,38.91,"May 30, 22",0.0059462
1101.TW,2022-05-27,37.78,38.55,37.78,38.37,36.845909,22004391,22004391,0.59,1.56,38.23,"May 27, 22",0.0156
1101.TW,2022-05-26,38,38.59,37.91,37.91,36.409344,19828340,19828340,-0.09,-0.23684,38.14,"May 26, 22",-0.0023684
1101.TW,2022-05-25,37.55,38.09,37.5,37.87,36.365688,19521425,19521425,0.32,0.8522,37.82,"May 25, 22",0.008522
1101.TW,2022-05-24,37.46,37.64,37.41,37.46,35.972782,19884534,19884534,0,0,37.5,"May 24, 22",0
1101.TW,2022-05-23,37.73,37.78,37.41,37.46,35.972782,18872536,18872536,-0.27,-0.71561,37.55,"May 23, 22",-0.0071561
1101.TW,2022-05-20,37.68,38.14,37.41,37.41,35.929127,40009896,40009896,-0.27,-0.71656,37.65,"May 20, 22",-0.0071656
1101.TW,2022-05-19,37.64,37.64,37.32,37.37,35.885471,21869326,21869326,-0.27,-0.71732,37.44,"May 19, 22",-0.0071732
1101.TW,2022-05-18,37.82,37.91,37.37,37.82,36.322037,30322648,30322648,0,0,37.7,"May 18, 22",0
1101.TW,2022-05-17,37.73,37.87,37.5,37.73,36.234722,24913174,24913174,0,0,37.7,"May 17, 22",0
1101.TW,2022-05-16,37.82,37.91,37.28,37.5,36.016441,26057643,26057643,-0.32,-0.84611,37.56,"May 16, 22",-0.0084611
1101.TW,2022-05-13,37.18,38,37.09,37.82,36.322037,25471016,25471016,0.64,1.72,37.64,"May 13, 22",0.0172
1101.TW,2022-05-12,38.64,38.68,37.09,37.09,35.623531,46067650,46067650,-1.55,-4.01,37.62,"May 12, 22",-0.0401
1101.TW,2022-05-11,38.64,39.05,38.64,38.78,37.238815,36564232,36564232,0.14,0.36232,38.82,"May 11, 22",0.0036232
1101.TW,2022-05-10,40,40.09,39.68,39.87,38.286568,21323094,21323094,-0.13,-0.325,39.88,"May 10, 22",-0.00325
1101.TW,2022-05-09,40.91,40.96,40.14,40.23,38.635818,21643021,21643021,-0.68,-1.66,40.44,"May 09, 22",-0.0166
1101.TW,2022-05-06,41.23,41.23,41,41,39.377975,16169639,16169639,-0.23,-0.55785,41.08,"May 06, 22",-0.0055785
1101.TW,2022-05-05,41.59,41.59,41.37,41.46,39.814537,10213241,10213241,-0.13,-0.31258,41.47,"May 05, 22",-0.0031258
1101.TW,2022-05-04,41.23,41.46,41.14,41.37,39.727222,11119741,11119741,0.14,0.33956,41.32,"May 04, 22",0.0033956
1101.TW,2022-05-03,41.73,41.73,41,41.23,39.596256,24895658,24895658,-0.5,-1.2,41.32,"May 03, 22",-0.012
1101.TW,2022-04-29,42,42.23,41.73,41.73,40.076477,20838643,20838643,-0.27,-0.64286,41.9,"April 29, 22",-0.0064286
1101.TW,2022-04-28,41.82,41.91,41.37,41.91,40.251099,20432476,20432476,0.09,0.21521,41.73,"April 28, 22",0.0021521
1101.TW,2022-04-27,41.96,41.96,41.55,41.64,39.989162,23345601,23345601,-0.32,-0.76263,41.71,"April 27, 22",-0.0076263
1101.TW,2022-04-26,42.05,42.18,41.91,42,40.338413,13594900,13594900,-0.05,-0.11891,42.03,"April 26, 22",-0.0011891
1101.TW,2022-04-25,42.14,42.18,41.87,41.91,40.251099,19355262,19355262,-0.23,-0.5458,41.99,"April 25, 22",-0.005458
1101.TW,2022-04-22,42.46,42.46,42.18,42.32,40.644005,12114588,12114588,-0.14,-0.32972,42.32,"April 22, 22",-0.0032972
1101.TW,2022-04-21,42.59,42.87,42.28,42.55,40.862286,15939418,15939418,-0.04,-0.09391876,42.56,"April 21, 22",-0.0009391876
1101.TW,2022-04-20,42.28,42.5,42.18,42.37,40.68766,18032933,18032933,0.09,0.21287,42.35,"April 20, 22",0.0021287
1101.TW,2022-04-19,42.28,42.37,42,42.14,40.469379,20583395,20583395,-0.14,-0.33113,42.17,"April 19, 22",-0.0033113
1101.TW,2022-04-18,43,43,42.18,42.28,40.600349,27278910,27278910,-0.72,-1.67,42.49,"April 18, 22",-0.0167
1101.TW,2022-04-15,43.18,43.23,42.78,42.82,41.124226,24353625,24353625,-0.36,-0.83372,42.94,"April 15, 22",-0.0083372
1101.TW,2022-04-14,43.91,43.91,43.28,43.37,41.648102,19779754,19779754,-0.54,-1.23,43.52,"April 14, 22",-0.0123
1101.TW,2022-04-13,43.78,44.18,43.41,43.64,41.910038,22132205,22132205,-0.14,-0.31978,43.75,"April 13, 22",-0.0031978
1101.TW,2022-04-12,44.91,44.91,43.46,43.64,41.910038,39669129,39669129,-1.27,-2.83,44,"April 12, 22",-0.0283
1101.TW,2022-04-11,45.28,45.41,44.64,44.96,43.176071,8811942,8811942,-0.32,-0.70671,45,"April 11, 22",-0.0070671
1101.TW,2022-04-08,45.09,45.28,44.91,45.28,43.481663,7088065,7088065,0.19,0.42138,45.15,"April 08, 22",0.0042138
1101.TW,2022-04-07,45.28,45.64,45,45.05,43.263382,12276446,12276446,-0.23,-0.50795,45.23,"April 07, 22",-0.0050795
1101.TW,2022-04-06,45.23,45.64,45.09,45.64,43.830917,12014013,12014013,0.41,0.90648,45.46,"April 06, 22",0.0090648
1101.TW,2022-04-01,45.18,45.46,44.96,45.23,43.438007,10837725,10837725,0.05,0.11067,45.22,"April 01, 22",0.0011067
1101.TW,2022-03-31,45.41,45.64,45.32,45.37,43.568977,16625565,16625565,-0.04,-0.08808632,45.44,"March 31, 22",-0.0008808632
1101.TW,2022-03-30,45.32,45.46,45.18,45.32,43.525322,10573785,10573785,0,0,45.32,"March 30, 22",0
1101.TW,2022-03-29,45.28,45.64,45,45.28,43.481663,8824319,8824319,0,0,45.31,"March 29, 22",0
1101.TW,2022-03-28,44.91,45.23,44.64,45.18,43.394352,9362265,9362265,0.27,0.6012,45.02,"March 28, 22",0.006012
1101.TW,2022-03-25,45.37,45.37,45.05,45.18,43.394352,9623317,9623317,-0.19,-0.41878,45.2,"March 25, 22",-0.0041878
1101.TW,2022-03-24,45.14,45.41,44.96,45.41,43.612633,15427811,15427811,0.27,0.59814,45.26,"March 24, 22",0.0059814
1101.TW,2022-03-23,45.18,45.18,44.96,45.14,43.350693,13757535,13757535,-0.04,-0.08853475,45.09,"March 23, 22",-0.0008853475
1101.TW,2022-03-22,45.18,45.23,44.82,45.18,43.394352,12081765,12081765,0,0,45.08,"March 22, 22",0
1101.TW,2022-03-21,44.64,45.32,44.59,45.23,43.438007,26480386,26480386,0.59,1.32,45.05,"March 21, 22",0.0132
1101.TW,2022-03-18,43.73,44.5,43.73,44.5,42.73951,34317330,34317330,0.77,1.76,44.25,"March 18, 22",0.0176
1101.TW,2022-03-17,43.73,43.82,43.5,43.64,41.910038,18560397,18560397,-0.09,-0.20581,43.65,"March 17, 22",-0.0020581
1101.TW,2022-03-16,43.59,43.64,43.32,43.5,41.779072,12388851,12388851,-0.09,-0.20647,43.49,"March 16, 22",-0.0020647
1101.TW,2022-03-15,43.18,43.64,43.09,43.59,41.866386,11720722,11720722,0.41,0.94951,43.44,"March 15, 22",0.0094951
1101.TW,2022-03-14,43.14,43.37,43.09,43.23,41.517128,8911848,8911848,0.09,0.20862,43.23,"March 14, 22",0.0020862
1101.TW,2022-03-11,43.09,43.28,43,43.14,41.429821,7235168,7235168,0.05,0.11604,43.14,"March 11, 22",0.0011604
1101.TW,2022-03-10,42.96,43.37,42.91,43.28,41.560791,10353101,10353101,0.32,0.74488,43.18,"March 10, 22",0.0074488
1101.TW,2022-03-09,43,43.09,42.78,42.96,41.255196,6072009,6072009,-0.04,-0.09302326,42.94,"March 09, 22",-0.0009302326
1101.TW,2022-03-08,42.73,42.87,42.59,42.68,40.993256,17198589,17198589,-0.05,-0.11701,42.71,"March 08, 22",-0.0011701
1101.TW,2022-03-07,43.14,43.14,42.64,42.82,41.124226,18520400,18520400,-0.32,-0.74177,42.87,"March 07, 22",-0.0074177
1101.TW,2022-03-04,43.46,43.5,43.18,43.32,41.604443,12086160,12086160,-0.14,-0.32214,43.34,"March 04, 22",-0.0032214
1101.TW,2022-03-03,43.59,43.68,43.46,43.68,41.953693,8252732,8252732,0.09,0.20647,43.61,"March 03, 22",0.0020647
1101.TW,2022-03-02,43.46,43.64,43.28,43.64,41.910038,8953161,8953161,0.18,0.41417,43.52,"March 02, 22",0.0041417
1101.TW,2022-03-01,43.46,43.5,43.18,43.46,41.735409,15422502,15422502,0,0,43.38,"March 01, 22",0
1101.TW,2022-02-28,47.2,47.5,46.9,47.35,47.35,14652929,14652929,0.15,0.3178,47.25,"February 28, 22",0.003178
1101.TW,2022-02-25,42.91,43.18,42.64,43.05,41.34251,16016499,16016499,0.14,0.32626,42.96,"February 25, 22",0.0032626
1101.TW,2022-02-24,43.18,43.18,42.82,43,41.298847,14445239,14445239,-0.18,-0.41686,43,"February 24, 22",-0.0041686
1101.TW,2022-02-23,43.37,43.5,43.14,43.32,41.604443,8850832,8850832,-0.05,-0.11529,43.32,"February 23, 22",-0.0011529
1101.TW,2022-02-22,43.09,43.37,42.82,43.37,41.648102,11738616,11738616,0.28,0.6498,43.18,"February 22, 22",0.006498
1101.TW,2022-02-21,43.05,43.41,42.87,43.28,41.560791,9028933,9028933,0.23,0.53426,43.18,"February 21, 22",0.0053426
1101.TW,2022-02-18,42.96,43.23,42.91,43.14,41.429821,9664053,9664053,0.18,0.41899,43.09,"February 18, 22",0.0041899
1101.TW,2022-02-17,42.87,43.23,42.82,43.14,41.429821,11739864,11739864,0.27,0.62981,43.06,"February 17, 22",0.0062981
1101.TW,2022-02-16,42.73,42.87,42.73,42.73,41.036915,9642969,9642969,0,0,42.78,"February 16, 22",0
1101.TW,2022-02-15,42.78,42.82,42.55,42.73,41.036915,5994658,5994658,-0.05,-0.11688,42.7,"February 15, 22",-0.0011688
1101.TW,2022-02-14,42.91,43,42.68,42.87,41.167881,10056219,10056219,-0.04,-0.09321836,42.85,"February 14, 22",-0.0009321836
1101.TW,2022-02-11,43,43.23,42.87,43.23,41.517128,7531645,7531645,0.23,0.53488,43.11,"February 11, 22",0.0053488
1101.TW,2022-02-10,42.87,43.23,42.78,43.23,41.517128,8233846,8233846,0.36,0.83975,43.08,"February 10, 22",0.0083975
1101.TW,2022-02-09,42.68,43,42.64,43,41.298847,8774696,8774696,0.32,0.74977,42.88,"February 09, 22",0.0074977
1101.TW,2022-02-08,42.82,42.96,42.64,42.68,40.993256,10722743,10722743,-0.14,-0.32695,42.76,"February 08, 22",-0.0032695
1101.TW,2022-02-07,42.32,42.82,41.82,42.82,41.124226,18744849,18744849,0.5,1.18,42.49,"February 07, 22",0.0118
1101.TW,2022-02-04,46.7,47,46.55,46.85,46.85,7858213,7858213,0.15,0.3212,46.8,"February 04, 22",0.003212
1101.TW,2022-02-03,46.7,47,46.55,46.85,46.85,7858213,7858213,0.15,0.3212,46.8,"February 03, 22",0.003212
1101.TW,2022-02-02,46.7,47,46.55,46.85,46.85,7858213,7858213,0.15,0.3212,46.8,"February 02, 22",0.003212
1101.TW,2022-02-01,46.7,47,46.55,46.85,46.85,7858213,7858213,0.15,0.3212,46.8,"February 01, 22",0.003212
1101.TW,2022-01-31,46.7,47,46.55,46.85,46.85,7858213,7858213,0.15,0.3212,46.8,"January 31, 22",0.003212
1101.TW,2022-01-26,42.46,42.73,42.32,42.59,40.905945,8556346,8556346,0.13,0.30617,42.55,"January 26, 22",0.0030617
1101.TW,2022-01-25,42.73,42.78,42.37,42.55,40.862286,17776152,17776152,-0.18,-0.42125,42.56,"January 25, 22",-0.0042125
1101.TW,2022-01-24,42.82,43,42.73,42.87,41.167881,6028033,6028033,0.05,0.11677,42.87,"January 24, 22",0.0011677
1101.TW,2022-01-21,43.18,43.32,42.87,43.09,41.386162,10421904,10421904,-0.09,-0.20843,43.09,"January 21, 22",-0.0020843
1101.TW,2022-01-20,43.23,43.37,43.14,43.18,41.473476,6966518,6966518,-0.05,-0.11566,43.23,"January 20, 22",-0.0011566
1101.TW,2022-01-19,43.28,43.37,43.18,43.28,41.560791,5631759,5631759,0,0,43.28,"January 19, 22",0
1101.TW,2022-01-18,43.28,43.41,43.14,43.41,41.691757,8907608,8907608,0.13,0.30037,43.32,"January 18, 22",0.0030037
1101.TW,2022-01-17,43.23,43.37,43.05,43.28,41.560791,9988289,9988289,0.05,0.11566,43.23,"January 17, 22",0.0011566
1101.TW,2022-01-14,43.5,43.5,43.14,43.28,41.560791,10410405,10410405,-0.22,-0.50575,43.31,"January 14, 22",-0.0050575
1101.TW,2022-01-13,43.18,43.59,43.09,43.59,41.866386,15242384,15242384,0.41,0.94951,43.43,"January 13, 22",0.0094951
1101.TW,2022-01-12,43.18,43.18,42.82,43.18,41.473476,11903221,11903221,0,0,43.06,"January 12, 22",0
1101.TW,2022-01-11,42.82,43.18,42.82,43.18,41.473476,12165218,12165218,0.36,0.84073,43.06,"January 11, 22",0.0084073
1101.TW,2022-01-10,43.14,43.18,42.73,43,41.298847,13125558,13125558,-0.14,-0.32452,42.97,"January 10, 22",-0.0032452
1101.TW,2022-01-07,43.28,43.32,42.91,43.14,41.429821,12026649,12026649,-0.14,-0.32348,43.12,"January 07, 22",-0.0032348
1101.TW,2022-01-06,43,43.28,42.87,43.28,41.560791,13608960,13608960,0.28,0.65116,43.14,"January 06, 22",0.0065116
1101.TW,2022-01-05,42.82,43,42.73,42.87,41.167881,10688966,10688966,0.05,0.11677,42.87,"January 05, 22",0.0011677
1101.TW,2022-01-04,43.18,43.28,42.73,43,41.298847,12594043,12594043,-0.18,-0.41686,43,"January 04, 22",-0.0041686
1101.TW,2022-01-03,43.68,43.78,43.05,43.14,41.429821,13591954,13591954,-0.54,-1.24,43.32,"January 03, 22",-0.0124
1101.TW,2021-12-30,43.78,43.82,43.64,43.64,41.910038,5085536,5085536,-0.14,-0.31978,43.7,"December 30, 21",-0.0031978
1101.TW,2021-12-29,43.78,43.87,43.68,43.78,42.041004,5849463,5849463,0,0,43.78,"December 29, 21",0
1101.TW,2021-12-28,43.73,43.78,43.59,43.78,42.041004,8563478,8563478,0.05,0.11434,43.71,"December 28, 21",0.0011434
1101.TW,2021-12-27,43.55,43.73,43.55,43.73,41.997353,6293217,6293217,0.18,0.41332,43.67,"December 27, 21",0.0041332
1101.TW,2021-12-24,43.41,43.59,43.41,43.55,41.822723,6587581,6587581,0.14,0.32251,43.52,"December 24, 21",0.0032251
1101.TW,2021-12-23,43,43.37,43,43.37,41.648102,10316971,10316971,0.37,0.86047,43.25,"December 23, 21",0.0086047
1101.TW,2021-12-22,43.09,43.14,42.91,43.09,41.386162,6011561,6011561,0,0,43.05,"December 22, 21",0
1101.TW,2021-12-21,43.09,43.14,42.82,42.96,41.255196,6240365,6240365,-0.13,-0.30169,42.97,"December 21, 21",-0.0030169
1101.TW,2021-12-20,43.14,43.18,42.82,43.09,41.386162,12445690,12445690,-0.05,-0.1159,43.03,"December 20, 21",-0.001159
1101.TW,2021-12-17,42.68,43.28,42.64,43.14,41.429821,20359806,20359806,0.46,1.08,43.02,"December 17, 21",0.0108
1101.TW,2021-12-16,42.73,42.87,42.55,42.64,40.9496,8276670,8276670,-0.09,-0.21062,42.68,"December 16, 21",-0.0021062
1101.TW,2021-12-15,42.73,43,42.55,42.68,40.993256,12313640,12313640,-0.05,-0.11701,42.75,"December 15, 21",-0.0011701
1101.TW,2021-12-14,42.78,42.91,42.68,42.73,41.036915,10316981,10316981,-0.05,-0.11688,42.78,"December 14, 21",-0.0011688
1101.TW,2021-12-13,43,43.41,42.82,42.82,41.124226,8582527,8582527,-0.18,-0.4186,43.02,"December 13, 21",-0.004186
1101.TW,2021-12-10,43.09,43.28,42.82,43,41.298847,10916177,10916177,-0.09,-0.20887,43.03,"December 10, 21",-0.0020887
1101.TW,2021-12-09,43.46,43.5,42.82,43.09,41.386162,10251908,10251908,-0.37,-0.85136,43.14,"December 09, 21",-0.0085136
1101.TW,2021-12-08,43.41,43.46,43.18,43.37,41.648102,11407503,11407503,-0.04,-0.09214467,43.34,"December 08, 21",-0.0009214467
1101.TW,2021-12-07,43.05,43.23,42.64,43.23,41.517128,14438737,14438737,0.18,0.41812,43.03,"December 07, 21",0.0041812
1101.TW,2021-12-06,42.23,43.05,42.18,43,41.298847,16636635,16636635,0.77,1.82,42.75,"December 06, 21",0.0182
1101.TW,2021-12-03,42.32,42.59,42.18,42.18,40.513039,15814749,15814749,-0.14,-0.33081,42.32,"December 03, 21",-0.0033081
1101.TW,2021-12-02,42.37,42.46,42.09,42.09,40.425724,15982110,15982110,-0.28,-0.66084,42.21,"December 02, 21",-0.0066084
1101.TW,2021-12-01,41.82,42.59,41.82,42.37,40.68766,17740509,17740509,0.55,1.32,42.26,"December 01, 21",0.0132
1101.TW,2021-11-30,42.28,43,41.82,41.82,40.163784,37037887,37037887,-0.46,-1.09,42.21,"November 30, 21",-0.0109
1101.TW,2021-11-29,41.87,42.41,41.78,42.28,40.600349,20348871,20348871,0.41,0.97922,42.15,"November 29, 21",0.0097922
1101.TW,2021-11-26,42.73,42.78,42.28,42.28,40.600349,27222067,27222067,-0.45,-1.05,42.44,"November 26, 21",-0.0105
1101.TW,2021-11-25,43.09,43.14,42.78,42.87,41.167881,16206700,16206700,-0.22,-0.51056,42.93,"November 25, 21",-0.0051056
1101.TW,2021-11-24,43.37,43.41,43,43.14,41.429821,21568089,21568089,-0.23,-0.53032,43.18,"November 24, 21",-0.0053032
1101.TW,2021-11-23,43.55,43.59,43.41,43.46,41.735409,11334204,11334204,-0.09,-0.20666,43.49,"November 23, 21",-0.0020666
1101.TW,2021-11-22,43.64,43.82,43.5,43.55,41.822723,13649522,13649522,-0.09,-0.20623,43.62,"November 22, 21",-0.0020623
1101.TW,2021-11-19,43.91,44,43.64,43.91,42.171974,15556319,15556319,0,0,43.85,"November 19, 21",0
1101.TW,2021-11-18,44.05,44.09,43.87,43.91,42.171974,11929136,11929136,-0.14,-0.31782,43.96,"November 18, 21",-0.0031782
1101.TW,2021-11-17,44.14,44.18,43.87,44.14,42.390255,14277618,14277618,0,0,44.06,"November 17, 21",0
1101.TW,2021-11-16,44.14,44.41,43.96,44.23,42.47757,15375291,15375291,0.09,0.2039,44.2,"November 16, 21",0.002039
1101.TW,2021-11-15,44.28,44.32,43.91,44.18,42.433914,15427865,15427865,-0.1,-0.22584,44.14,"November 15, 21",-0.0022584
1101.TW,2021-11-12,44.28,44.37,43.91,44.28,42.521229,13359766,13359766,0,0,44.18,"November 12, 21",0
1101.TW,2021-11-11,44.32,44.5,44.14,44.37,42.608536,11699306,11699306,0.05,0.11282,44.34,"November 11, 21",0.0011282
1101.TW,2021-11-10,44.32,44.32,44,44.28,42.521229,9762737,9762737,-0.04,-0.09025271,44.2,"November 10, 21",-0.0009025271
1101.TW,2021-11-09,44.55,44.59,44,44.37,42.608536,9148392,9148392,-0.18,-0.40404,44.32,"November 09, 21",-0.0040404
1101.TW,2021-11-08,43.91,44.5,43.87,44.5,42.73951,12993317,12993317,0.59,1.34,44.29,"November 08, 21",0.0134
1101.TW,2021-11-05,43.68,43.78,43.5,43.78,42.041004,15485091,15485091,0.1,0.22894,43.68,"November 05, 21",0.0022894
1101.TW,2021-11-04,43.82,43.96,43.68,43.73,41.997353,7817757,7817757,-0.09,-0.20539,43.79,"November 04, 21",-0.0020539
1101.TW,2021-11-03,43.78,43.87,43.68,43.78,42.041004,7075200,7075200,0,0,43.78,"November 03, 21",0
1101.TW,2021-11-02,44,44.32,43.73,43.78,42.041004,10881205,10881205,-0.22,-0.5,43.94,"November 02, 21",-0.005
1101.TW,2021-11-01,43.87,43.87,43.73,43.87,42.128319,9347376,9347376,0,0,43.82,"November 01, 21",0
1101.TW,2021-10-29,44.09,44.09,43.82,43.87,42.128319,13774183,13774183,-0.22,-0.49898,43.93,"October 29, 21",-0.0049898
1101.TW,2021-10-28,43.96,44.28,43.87,44.09,42.3466,7267683,7267683,0.13,0.29572,44.08,"October 28, 21",0.0029572
1101.TW,2021-10-27,44.05,44.18,43.82,43.96,42.215633,10276871,10276871,-0.09,-0.20431,43.99,"October 27, 21",-0.0020431
1101.TW,2021-10-26,44.14,44.46,44.05,44.05,42.302948,15450701,15450701,-0.09,-0.2039,44.18,"October 26, 21",-0.002039
1101.TW,2021-10-25,44.18,44.23,43.68,43.87,42.128319,16042263,16042263,-0.31,-0.70167,43.93,"October 25, 21",-0.0070167
1101.TW,2021-10-22,44.32,44.55,44.18,44.37,42.608536,10461004,10461004,0.05,0.11282,44.37,"October 22, 21",0.0011282
1101.TW,2021-10-21,43.96,44.32,43.96,44.32,42.56488,24991535,24991535,0.36,0.81893,44.2,"October 21, 21",0.0081893
1101.TW,2021-10-20,44.41,44.41,43.64,43.96,42.215633,31318270,31318270,-0.45,-1.01,44,"October 20, 21",-0.0101
1101.TW,2021-10-19,45.32,45.55,44.46,44.64,42.870476,27772958,27772958,-0.68,-1.5,44.88,"October 19, 21",-0.015
1101.TW,2021-10-18,45.55,45.64,45.28,45.28,43.481663,9755289,9755289,-0.27,-0.59276,45.4,"October 18, 21",-0.0059276
1101.TW,2021-10-15,45.46,45.64,45.28,45.55,43.743603,10700715,10700715,0.09,0.19798,45.49,"October 15, 21",0.0019798
1101.TW,2021-10-14,46,46,45.37,45.37,43.568977,10840407,10840407,-0.63,-1.37,45.58,"October 14, 21",-0.0137
1101.TW,2021-10-13,45.82,46.37,45.46,45.91,44.092854,14966666,14966666,0.09,0.19642,45.91,"October 13, 21",0.0019642
1101.TW,2021-10-12,45.46,45.73,45.09,45.64,43.830917,14630243,14630243,0.18,0.39595,45.49,"October 12, 21",0.0039595
1101.TW,2021-10-08,45.82,45.91,45.64,45.82,44.005539,5768942,5768942,0,0,45.79,"October 08, 21",0
1101.TW,2021-10-07,45.46,45.91,45.32,45.82,44.005539,10905463,10905463,0.36,0.7919,45.68,"October 07, 21",0.007919
1101.TW,2021-10-06,45.73,45.82,45.28,45.37,43.568977,12628124,12628124,-0.36,-0.78723,45.49,"October 06, 21",-0.0078723
1101.TW,2021-10-05,45.46,45.73,45.18,45.73,43.918228,11141277,11141277,0.27,0.59393,45.55,"October 05, 21",0.0059393
1101.TW,2021-10-04,45.73,46,45.37,45.46,43.656292,15043248,15043248,-0.27,-0.59042,45.61,"October 04, 21",-0.0059042
1101.TW,2021-10-01,46.18,46.37,45.37,45.64,43.830917,22409036,22409036,-0.54,-1.17,45.79,"October 01, 21",-0.0117
1101.TW,2021-09-30,45.82,46.64,45.73,46.37,44.529415,17193158,17193158,0.55,1.2,46.25,"September 30, 21",0.012
1101.TW,2021-09-29,45.82,46.37,45.73,46,44.180164,14373647,14373647,0.18,0.39284,46.03,"September 29, 21",0.0039284
1101.TW,2021-09-28,46,46.73,45.64,46.37,44.529415,15741102,15741102,0.37,0.80435,46.25,"September 28, 21",0.0080435
1101.TW,2021-09-27,46.55,46.64,46,46.46,44.61673,15322108,15322108,-0.09,-0.19334,46.37,"September 27, 21",-0.0019334
1101.TW,2021-09-24,46.73,47,46.55,46.64,44.791355,14877255,14877255,-0.09,-0.1926,46.73,"September 24, 21",-0.001926
1101.TW,2021-09-23,46.46,46.91,46.18,46.55,44.704041,15403894,15403894,0.09,0.19372,46.55,"September 23, 21",0.0019372
1101.TW,2021-09-22,45.28,46.09,45,46.09,44.267479,23916262,23916262,0.81,1.79,45.73,"September 22, 21",0.0179
1101.TW,2021-09-17,47,47,46.09,46.09,44.267479,20824329,20824329,-0.91,-1.94,46.4,"September 17, 21",-0.0194
1101.TW,2021-09-16,46.55,47,46.18,47,45.140602,25839927,25839927,0.45,0.9667,46.73,"September 16, 21",0.009667
1101.TW,2021-09-15,46.73,47.09,46.28,46.55,44.704041,25000502,25000502,-0.18,-0.38519,46.64,"September 15, 21",-0.0038519
1101.TW,2021-09-14,46.46,47.28,46.09,46.73,44.878666,57585584,57585584,0.27,0.58115,46.7,"September 14, 21",0.0058115
1101.TW,2021-09-13,44.55,45.64,44.55,45.55,43.743603,29386144,29386144,1,2.24,45.25,"September 13, 21",0.0224
1101.TW,2021-09-10,43.82,44.55,43.68,44.55,42.783165,17499396,17499396,0.73,1.67,44.26,"September 10, 21",0.0167
1101.TW,2021-09-09,43.64,43.82,43.46,43.82,42.084663,11783586,11783586,0.18,0.41247,43.7,"September 09, 21",0.0041247
1101.TW,2021-09-08,44.28,44.5,43.82,44.14,42.390255,13526575,13526575,-0.14,-0.31617,44.15,"September 08, 21",-0.0031617
1101.TW,2021-09-07,44.37,44.55,44.14,44.32,42.56488,9048687,9048687,-0.05,-0.11269,44.34,"September 07, 21",-0.0011269
1101.TW,2021-09-06,44.09,44.64,43.78,44.37,42.608536,14302763,14302763,0.28,0.63506,44.26,"September 06, 21",0.0063506
1101.TW,2021-09-03,43.55,44.14,43.5,44.09,42.3466,13234550,13234550,0.54,1.24,43.91,"September 03, 21",0.0124
1101.TW,2021-09-02,44,44,43.37,43.55,41.822723,8637424,8637424,-0.45,-1.02,43.64,"September 02, 21",-0.0102
1101.TW,2021-09-01,43.96,44,43.5,44,42.259285,16269235,16269235,0.04,0.09099181,43.84,"September 01, 21",0.0009099181
1101.TW,2021-08-31,43.28,44.05,42.96,44.05,42.302948,20166018,20166018,0.77,1.78,43.68,"August 31, 21",0.0178
1101.TW,2021-08-30,43.14,43.28,42.87,43.28,41.560791,10065986,10065986,0.14,0.32452,43.14,"August 30, 21",0.0032452
1101.TW,2021-08-27,42.68,43.18,42.5,43.14,41.429821,10256833,10256833,0.46,1.08,42.94,"August 27, 21",0.0108
1101.TW,2021-08-26,42.91,43,42.37,42.68,40.993256,14354153,14354153,-0.23,-0.53601,42.68,"August 26, 21",-0.0053601
1101.TW,2021-08-25,42.55,42.96,42.32,42.91,41.211536,9503303,9503303,0.36,0.84606,42.73,"August 25, 21",0.0084606
1101.TW,2021-08-24,42.73,42.82,42.23,42.5,40.818634,12004915,12004915,-0.23,-0.53826,42.52,"August 24, 21",-0.0053826
1101.TW,2021-08-23,42.46,42.96,42.32,42.55,40.862286,11465302,11465302,0.09,0.21196,42.61,"August 23, 21",0.0021196
1101.TW,2021-08-20,41.73,42.5,41.55,41.96,40.294754,21003672,21003672,0.23,0.55116,42,"August 20, 21",0.0055116
1101.TW,2021-08-19,42.96,42.96,41.82,42,40.338413,28382327,28382327,-0.96,-2.23,42.26,"August 19, 21",-0.0223
1101.TW,2021-08-18,42.64,43,42.18,42.96,41.255196,27554796,27554796,0.32,0.75047,42.71,"August 18, 21",0.0075047
1101.TW,2021-08-17,43.59,43.59,43.59,43.59,41.866386,0,0,0,0,43.59,"August 17, 21",0
1101.TW,2021-08-16,44,44.05,43.37,43.59,41.866386,29155120,29155120,-0.41,-0.93182,43.67,"August 16, 21",-0.0093182
1101.TW,2021-08-13,43.68,44.18,43.59,44,42.259285,25994453,25994453,0.32,0.7326,43.93,"August 13, 21",0.007326
1101.TW,2021-08-12,41.68,43.41,41.5,43.28,41.560791,82318666,82318666,1.6,3.84,42.73,"August 12, 21",0.0384
1101.TW,2021-08-11,46.91,47,46.18,46.46,41.675941,65313387,65313387,-0.45,-0.95928,46.55,"August 11, 21",-0.0095928
1101.TW,2021-08-10,47.46,47.64,47,47.18,42.328396,37592383,37592383,-0.28,-0.58997,47.28,"August 10, 21",-0.0058997
1101.TW,2021-08-09,47.82,47.82,47,47.64,42.736187,36859847,36859847,-0.18,-0.37641,47.49,"August 09, 21",-0.0037641
1101.TW,2021-08-06,48.37,48.37,47.64,48.09,43.143974,35673351,35673351,-0.28,-0.57887,48.03,"August 06, 21",-0.0057887
1101.TW,2021-08-05,48.91,48.91,47.82,47.91,42.980858,42347743,42347743,-1,-2.04,48.22,"August 05, 21",-0.0204
1101.TW,2021-08-04,49.28,49.55,48.73,48.91,43.877991,25816343,25816343,-0.37,-0.75081,49.06,"August 04, 21",-0.0075081
1101.TW,2021-08-03,48.28,49,48.18,49,43.959549,49972057,49972057,0.72,1.49,48.73,"August 03, 21",0.0149
1101.TW,2021-08-02,47.91,48,47.73,48,43.062416,15366985,15366985,0.09,0.18785,47.91,"August 02, 21",0.0018785
1101.TW,2021-07-30,48.09,48.09,47.73,47.82,42.8993,13669323,13669323,-0.27,-0.56145,47.88,"July 30, 21",-0.0056145
1101.TW,2021-07-29,47.73,48.09,47.37,48.09,43.143974,20790001,20790001,0.36,0.75424,47.85,"July 29, 21",0.0075424
1101.TW,2021-07-28,48,48.18,47.28,47.64,42.736187,39954406,39954406,-0.36,-0.75,47.7,"July 28, 21",-0.0075
1101.TW,2021-07-27,48.46,48.46,47.82,48.18,43.225529,20444315,20444315,-0.28,-0.5778,48.15,"July 27, 21",-0.005778
1101.TW,2021-07-26,48.55,48.91,48.18,48.37,43.388649,27085059,27085059,-0.18,-0.37075,48.49,"July 26, 21",-0.0037075
1101.TW,2021-07-23,47.55,48.28,47.46,48.18,43.225529,37737934,37737934,0.63,1.32,47.97,"July 23, 21",0.0132
1101.TW,2021-07-22,47.55,47.55,47.18,47.37,42.491512,18146309,18146309,-0.18,-0.37855,47.37,"July 22, 21",-0.0037855
1101.TW,2021-07-21,47.28,47.64,47,47.09,42.246838,27146960,27146960,-0.19,-0.40186,47.25,"July 21, 21",-0.0040186
1101.TW,2021-07-20,46.91,47.09,46.73,47,42.165279,11098745,11098745,0.09,0.19186,46.94,"July 20, 21",0.0019186
1101.TW,2021-07-19,46.73,47.28,46.64,47.28,42.409958,12361354,12361354,0.55,1.18,47.06,"July 19, 21",0.0118
1101.TW,2021-07-16,46.82,46.91,46.64,46.82,42.002171,13353443,13353443,0,0,46.79,"July 16, 21",0
1101.TW,2021-07-15,46.82,47.09,46.64,46.91,42.083725,13065336,13065336,0.09,0.19223,46.88,"July 15, 21",0.0019223
1101.TW,2021-07-14,47.18,47.28,46.64,46.82,42.002171,22269104,22269104,-0.36,-0.76304,46.91,"July 14, 21",-0.0076304
1101.TW,2021-07-13,47.73,47.73,47,47.18,42.328396,25647312,25647312,-0.55,-1.15,47.31,"July 13, 21",-0.0115
1101.TW,2021-07-12,47.46,47.64,47.09,47.46,42.573071,29330407,29330407,0,0,47.4,"July 12, 21",0
1101.TW,2021-07-09,47.73,48,47.09,47.28,42.409958,41556484,41556484,-0.45,-0.9428,47.46,"July 09, 21",-0.009428
1101.TW,2021-07-08,46.82,48.09,46.82,48,43.062416,58789169,58789169,1.18,2.52,47.64,"July 08, 21",0.0252
1101.TW,2021-07-07,46.46,46.64,46.37,46.64,41.83905,26604917,26604917,0.18,0.38743,46.55,"July 07, 21",0.0038743
1101.TW,2021-07-06,46.28,46.64,46.09,46.55,41.757492,26374406,26374406,0.27,0.58341,46.43,"July 06, 21",0.0058341
1101.TW,2021-07-05,46.28,46.37,45.91,46,41.268147,27241285,27241285,-0.28,-0.60501,46.09,"July 05, 21",-0.0060501
1101.TW,2021-07-02,46,46.28,45.91,45.91,41.186592,18885463,18885463,-0.09,-0.19565,46.03,"July 02, 21",-0.0019565
1101.TW,2021-07-01,46.28,46.37,46,46,41.268147,23240318,23240318,-0.28,-0.60501,46.12,"July 01, 21",-0.0060501
1101.TW,2021-06-30,46.46,46.55,46.28,46.37,41.594379,15206444,15206444,-0.09,-0.19372,46.4,"June 30, 21",-0.0019372
1101.TW,2021-06-29,46.46,46.55,46.28,46.55,41.757492,12209089,12209089,0.09,0.19372,46.46,"June 29, 21",0.0019372
1101.TW,2021-06-28,46.37,46.55,46.18,46.46,41.675941,17603235,17603235,0.09,0.19409,46.4,"June 28, 21",0.0019409
1101.TW,2021-06-25,46.46,46.64,46.18,46.37,41.594379,17567861,17567861,-0.09,-0.19372,46.4,"June 25, 21",-0.0019372
1101.TW,2021-06-24,46.37,46.55,46.18,46.46,41.675941,14860368,14860368,0.09,0.19409,46.4,"June 24, 21",0.0019409
1101.TW,2021-06-23,46.28,46.46,45.91,46.37,41.594379,18068311,18068311,0.09,0.19447,46.25,"June 23, 21",0.0019447
1101.TW,2021-06-22,46.09,46.55,46,46.28,41.512821,16728829,16728829,0.19,0.41224,46.28,"June 22, 21",0.0041224
1101.TW,2021-06-21,45.91,46.55,45.82,46.09,41.349705,22656123,22656123,0.18,0.39207,46.15,"June 21, 21",0.0039207
1101.TW,2021-06-18,46.64,46.73,46.37,46.37,41.594379,26264671,26264671,-0.27,-0.5789,46.49,"June 18, 21",-0.005789
1101.TW,2021-06-17,46.91,47.09,46.73,46.82,42.002171,16666703,16666703,-0.09,-0.19186,46.88,"June 17, 21",-0.0019186
1101.TW,2021-06-16,46.73,47.28,46.64,47.18,42.328396,19098136,19098136,0.45,0.96298,47.03,"June 16, 21",0.0096298
1101.TW,2021-06-15,46.46,46.73,46.37,46.64,41.83905,10222716,10222716,0.18,0.38743,46.58,"June 15, 21",0.0038743
1101.TW,2021-06-11,46.82,46.91,46.55,46.73,41.920609,9355649,9355649,-0.09,-0.19223,46.73,"June 11, 21",-0.0019223
1101.TW,2021-06-10,46.64,46.82,46.28,46.82,42.002171,10207843,10207843,0.18,0.38593,46.64,"June 10, 21",0.0038593
1101.TW,2021-06-09,46.46,46.73,46.18,46.64,41.83905,12775840,12775840,0.18,0.38743,46.52,"June 09, 21",0.0038743
1101.TW,2021-06-08,47.09,47.09,46.46,46.73,41.920609,9568559,9568559,-0.36,-0.76449,46.76,"June 08, 21",-0.0076449
1101.TW,2021-06-07,47.18,47.28,46.18,46.82,42.002171,13523595,13523595,-0.36,-0.76304,46.76,"June 07, 21",-0.0076304
1101.TW,2021-06-04,47.55,47.55,47,47.18,42.328396,13497911,13497911,-0.37,-0.77813,47.25,"June 04, 21",-0.0077813
1101.TW,2021-06-03,47.28,47.64,47.09,47.55,42.654629,26155232,26155232,0.27,0.57107,47.43,"June 03, 21",0.0057107
1101.TW,2021-06-02,46.91,47.37,46.73,47.28,42.409958,24660210,24660210,0.37,0.78874,47.12,"June 02, 21",0.0078874
1101.TW,2021-06-01,46.91,46.91,46.55,46.82,42.002171,10704778,10704778,-0.09,-0.19186,46.76,"June 01, 21",-0.0019186
1101.TW,2021-05-31,46,46.91,45.91,46.91,42.083725,26507130,26507130,0.91,1.98,46.58,"May 31, 21",0.0198
1101.TW,2021-05-28,45.82,46.09,45.55,46,41.268147,18262166,18262166,0.18,0.39284,45.88,"May 28, 21",0.0039284
1101.TW,2021-05-27,45.46,45.82,45.32,45.73,41.023476,45282547,45282547,0.27,0.59393,45.62,"May 27, 21",0.0059393
1101.TW,2021-05-26,46.46,46.82,46,46.09,41.349705,20615939,20615939,-0.37,-0.79638,46.31,"May 26, 21",-0.0079638
1101.TW,2021-05-25,46.73,46.91,46.37,46.46,41.675941,16457043,16457043,-0.27,-0.57779,46.58,"May 25, 21",-0.0057779
1101.TW,2021-05-24,46.18,46.82,45.82,46.64,41.83905,17586350,17586350,0.46,0.9961,46.43,"May 24, 21",0.009961
1101.TW,2021-05-21,49,49,46.18,46.55,41.757492,32059875,32059875,-2.45,-5,47.25,"May 21, 21",-0.05
1101.TW,2021-05-20,46.37,46.64,45.46,46.18,41.431263,33427533,33427533,-0.19,-0.40975,46.09,"May 20, 21",-0.0040975
1101.TW,2021-05-19,45.37,46.18,45,45.91,41.186592,32608362,32608362,0.54,1.19,45.7,"May 19, 21",0.0119
1101.TW,2021-05-18,43.82,45.46,43.82,45.46,40.778805,35800174,35800174,1.64,3.74,44.91,"May 18, 21",0.0374
1101.TW,2021-05-17,43.46,44.59,43.18,43.55,39.066093,57739179,57739179,0.09,0.20709,43.78,"May 17, 21",0.0020709
1101.TW,2021-05-14,45.09,45.73,44.82,45.09,40.452572,42035926,42035926,0,0,45.22,"May 14, 21",0
1101.TW,2021-05-13,43.14,45.46,42.96,44.73,40.126347,59659955,59659955,1.59,3.69,44.38,"May 13, 21",0.0369
1101.TW,2021-05-12,46.46,46.91,43.18,45.09,40.452572,106188324,106188324,-1.37,-2.95,45.06,"May 12, 21",-0.0295
1101.TW,2021-05-11,47.73,48.37,46.28,46.91,42.083725,61176646,61176646,-0.82,-1.72,47.18,"May 11, 21",-0.0172
1101.TW,2021-05-10,47.73,48.46,47.46,48.09,43.143974,34970257,34970257,0.36,0.75424,48,"May 10, 21",0.0075424
1101.TW,2021-05-07,48.37,48.55,47,47.55,42.654629,47845764,47845764,-0.82,-1.7,47.7,"May 07, 21",-0.017
1101.TW,2021-05-06,46.28,48.18,46.28,48.18,43.225529,47622589,47622589,1.9,4.11,47.55,"May 06, 21",0.0411
1101.TW,2021-05-05,45.46,46.73,45.09,46.18,41.431263,46391033,46391033,0.72,1.58,46,"May 05, 21",0.0158
1101.TW,2021-05-04,46.73,47.28,44.55,45.64,40.941921,86049267,86049267,-1.09,-2.33,45.82,"May 04, 21",-0.0233
1101.TW,2021-05-03,47.28,47.28,46,46.55,41.757492,64650501,64650501,-0.73,-1.54,46.61,"May 03, 21",-0.0154
1101.TW,2021-04-29,48.18,48.28,47.37,47.37,42.491512,48703273,48703273,-0.81,-1.68,47.67,"April 29, 21",-0.0168
1101.TW,2021-04-28,47.91,48.37,47.37,48.37,43.388649,46373700,46373700,0.46,0.96013,48.03,"April 28, 21",0.0096013
1101.TW,2021-04-27,48.37,48.37,47.73,47.91,42.980858,45512515,45512515,-0.46,-0.951,48,"April 27, 21",-0.00951
1101.TW,2021-04-26,48.55,49.28,47.37,48.28,43.307091,87035306,87035306,-0.27,-0.55613,48.31,"April 26, 21",-0.0055613
1101.TW,2021-04-23,48.82,48.91,46.46,48.18,43.225529,110188707,110188707,-0.64,-1.31,47.85,"April 23, 21",-0.0131
1101.TW,2021-04-22,51.91,53.37,48.64,49.19,44.122665,224515908,224515908,-2.72,-5.24,50.4,"April 22, 21",-0.0524
1101.TW,2021-04-21,47.46,51.73,47.37,50.64,45.427586,153207161,153207161,3.18,6.7,49.91,"April 21, 21",0.067
1101.TW,2021-04-20,48.28,49.91,46.46,47.28,42.409958,102853102,102853102,-1,-2.07,47.88,"April 20, 21",-0.0207
1101.TW,2021-04-19,45.37,45.91,45.23,45.82,41.105034,67370514,67370514,0.45,0.99184,45.65,"April 19, 21",0.0099184
1101.TW,2021-04-16,43.55,44.55,43.41,44.55,39.963223,52462000,52462000,1,2.3,44.17,"April 16, 21",0.023
1101.TW,2021-04-15,42.78,44.09,42.73,43.55,39.066093,43044520,43044520,0.77,1.8,43.46,"April 15, 21",0.018
1101.TW,2021-04-14,42.96,43,42.37,42.73,38.332077,29552245,29552245,-0.23,-0.53538,42.7,"April 14, 21",-0.0053538
1101.TW,2021-04-13,42.64,43.18,42.59,42.91,38.495186,34830267,34830267,0.27,0.63321,42.9,"April 13, 21",0.0063321
1101.TW,2021-04-12,42.46,42.59,42.46,42.59,38.209736,19715312,19715312,0.13,0.30617,42.55,"April 12, 21",0.0030617
1101.TW,2021-04-09,42.64,42.78,42.46,42.46,38.087402,21577577,21577577,-0.18,-0.42214,42.56,"April 09, 21",-0.0042214
1101.TW,2021-04-08,42.46,42.64,42.37,42.64,38.250519,17617920,17617920,0.18,0.42393,42.55,"April 08, 21",0.0042393
1101.TW,2021-04-07,42.55,42.59,42.46,42.55,38.168961,14202378,14202378,0,0,42.53,"April 07, 21",0
1101.TW,2021-04-01,42.59,42.68,42.37,42.46,38.087402,18113024,18113024,-0.13,-0.30524,42.5,"April 01, 21",-0.0030524
1101.TW,2021-03-31,42.37,42.55,42.32,42.55,38.168961,23973568,23973568,0.18,0.42483,42.47,"March 31, 21",0.0042483
1101.TW,2021-03-30,42.28,42.37,42.05,42.32,37.965069,19344571,19344571,0.04,0.09460738,42.25,"March 30, 21",0.0009460738
1101.TW,2021-03-29,42.23,42.37,42,42.28,37.924286,34012266,34012266,0.05,0.1184,42.21,"March 29, 21",0.001184
1101.TW,2021-03-26,41.46,42.05,41.46,41.96,37.638832,43619958,43619958,0.5,1.21,41.82,"March 26, 21",0.0121
1101.TW,2021-03-25,41.41,41.5,41.23,41.41,37.149494,25700484,25700484,0,0,41.38,"March 25, 21",0
1101.TW,2021-03-24,41.55,41.59,41.37,41.41,37.149494,23149111,23149111,-0.14,-0.33694,41.46,"March 24, 21",-0.0033694
1101.TW,2021-03-23,41.82,41.82,41.46,41.55,37.271824,42494892,42494892,-0.27,-0.64562,41.61,"March 23, 21",-0.0064562
1101.TW,2021-03-22,42.59,42.64,40.96,41.64,37.353386,111905971,111905971,-0.95,-2.23,41.75,"March 22, 21",-0.0223
1101.TW,2021-03-19,39.09,39.09,38.73,38.82,34.8251,25697924,25697924,-0.27,-0.69071,38.88,"March 19, 21",-0.0069071
1101.TW,2021-03-18,39,39.32,39,39.18,35.151325,16330997,16330997,0.18,0.46154,39.17,"March 18, 21",0.0046154
1101.TW,2021-03-17,38.82,39.05,38.78,38.96,34.947433,13870639,13870639,0.14,0.36064,38.93,"March 17, 21",0.0036064
1101.TW,2021-03-16,38.55,38.82,38.5,38.73,34.743538,11765627,11765627,0.18,0.46693,38.68,"March 16, 21",0.0046693
1101.TW,2021-03-15,38.82,38.87,38.46,38.5,34.539646,26903246,26903246,-0.32,-0.82432,38.61,"March 15, 21",-0.0082432
1101.TW,2021-03-12,38.91,38.96,38.68,38.82,34.8251,20260443,20260443,-0.09,-0.2313,38.82,"March 12, 21",-0.002313
1101.TW,2021-03-11,39.23,39.28,38.96,38.96,34.947433,24449858,24449858,-0.27,-0.68825,39.06,"March 11, 21",-0.0068825
1101.TW,2021-03-10,39.46,39.46,39,39.09,35.069767,25966038,25966038,-0.37,-0.93766,39.18,"March 10, 21",-0.0093766
1101.TW,2021-03-09,39,39.46,38.91,39.46,35.396004,27132929,27132929,0.46,1.18,39.28,"March 09, 21",0.0118
1101.TW,2021-03-08,38.73,39,38.68,38.78,34.784321,16319225,16319225,0.05,0.1291,38.82,"March 08, 21",0.001291
1101.TW,2021-03-05,38.32,38.64,38.23,38.64,34.66198,10150025,10150025,0.32,0.83507,38.5,"March 05, 21",0.0083507
1101.TW,2021-03-04,38.68,38.68,38.32,38.64,34.66198,21731064,21731064,-0.04,-0.10341,38.55,"March 04, 21",-0.0010341
1101.TW,2021-03-03,38.55,38.73,38.41,38.68,34.702759,18216765,18216765,0.13,0.33722,38.61,"March 03, 21",0.0033722
1101.TW,2021-03-02,38.41,38.64,38.28,38.28,34.335751,23519083,23519083,-0.13,-0.33845,38.4,"March 02, 21",-0.0033845
1101.TW,2021-02-26,38.82,38.82,38.18,38.18,34.254196,34938012,34938012,-0.64,-1.65,38.4,"February 26, 21",-0.0165
1101.TW,2021-02-25,38.91,39,38.73,39,34.988216,16591518,16591518,0.09,0.2313,38.91,"February 25, 21",0.002313
1101.TW,2021-02-24,38.91,39,38.55,38.68,34.702759,19089287,19089287,-0.23,-0.59111,38.74,"February 24, 21",-0.0059111
1101.TW,2021-02-23,38.18,38.73,38.18,38.59,34.621204,29132293,29132293,0.41,1.07,38.5,"February 23, 21",0.0107
1101.TW,2021-02-22,37.91,38.28,37.78,38,34.091084,25636192,25636192,0.09,0.2374,38.02,"February 22, 21",0.002374
1101.TW,2021-02-19,37.59,37.87,37.32,37.82,33.927963,18528736,18528736,0.23,0.61186,37.67,"February 19, 21",0.0061186
1101.TW,2021-02-18,37.5,37.87,37.46,37.59,33.724072,21429480,21429480,0.09,0.24,37.64,"February 18, 21",0.0024
1101.TW,2021-02-17,37.28,37.55,37.09,37.5,33.642509,26588008,26588008,0.22,0.59013,37.38,"February 17, 21",0.0059013
1101.TW,2021-02-05,36.87,37.18,36.87,37.14,33.316284,14522393,14522393,0.27,0.7323,37.06,"February 05, 21",0.007323
1101.TW,2021-02-04,36.82,36.96,36.73,36.73,32.949272,19639349,19639349,-0.09,-0.24443,36.81,"February 04, 21",-0.0024443
1101.TW,2021-02-03,37.09,37.18,36.82,36.87,33.071609,25285575,25285575,-0.22,-0.59315,36.96,"February 03, 21",-0.0059315
1101.TW,2021-02-02,37.23,37.41,36.96,37.05,33.234726,21095294,21095294,-0.18,-0.48348,37.14,"February 02, 21",-0.0048348
1101.TW,2021-02-01,36.64,37.23,36.64,37.09,33.275501,12918107,12918107,0.45,1.23,36.99,"February 01, 21",0.0123
1101.TW,2021-01-29,36.59,36.78,36.5,36.5,32.74538,22919977,22919977,-0.09,-0.24597,36.59,"January 29, 21",-0.0024597
1101.TW,2021-01-28,36.59,36.91,36.55,36.59,32.826935,24572910,24572910,0,0,36.68,"January 28, 21",0
1101.TW,2021-01-27,36.73,37,36.68,36.68,32.908493,16931963,16931963,-0.05,-0.13613,36.79,"January 27, 21",-0.0013613
1101.TW,2021-01-26,37,37.18,36.55,36.68,32.908493,38817285,38817285,-0.32,-0.86486,36.81,"January 26, 21",-0.0086486
1101.TW,2021-01-25,36.96,37.37,36.91,37.18,33.357059,22850488,22850488,0.22,0.59524,37.15,"January 25, 21",0.0059524
1101.TW,2021-01-22,37.05,37.09,36.82,36.91,33.112389,31284659,31284659,-0.14,-0.37787,36.94,"January 22, 21",-0.0037787
1101.TW,2021-01-21,37.28,37.41,37.09,37.09,33.275501,19650178,19650178,-0.19,-0.50966,37.2,"January 21, 21",-0.0050966
1101.TW,2021-01-20,37.87,37.91,37.09,37.23,33.397839,38529978,38529978,-0.64,-1.69,37.41,"January 20, 21",-0.0169
1101.TW,2021-01-19,37.82,38.18,37.82,37.96,34.050301,13261660,13261660,0.14,0.37017,37.99,"January 19, 21",0.0037017
1101.TW,2021-01-18,38.14,38.14,37.64,37.82,33.927963,27598255,27598255,-0.32,-0.83901,37.87,"January 18, 21",-0.0083901
1101.TW,2021-01-15,38.64,38.64,38.14,38.14,34.213417,33681520,33681520,-0.5,-1.29,38.31,"January 15, 21",-0.0129
1101.TW,2021-01-14,38.91,38.91,38.59,38.68,34.702759,22024250,22024250,-0.23,-0.59111,38.73,"January 14, 21",-0.0059111
